,BBC_compound,BBC_dtime,BBC_neg,BBC_neu,BBC_pos,CBS_compound,CBS_dtime,CBS_neg,CBS_neu,CBS_pos,CNN_compound,CNN_dtime,CNN_neg,CNN_neu,CNN_pos,Fox_compound,Fox_dtime,Fox_neg,Fox_neu,Fox_pos,NYTimes_compound,NYTimes_dtime,NYTimes_neg,NYTimes_neu,NYTimes_pos
0,0.0,Sun Apr 08 15:31:00 +0000 2018,0.0,1.0,0.0,0.4199,Sun Apr 08 15:00:00 +0000 2018,0.0,0.92,0.08,-0.2023,Sun Apr 08 15:30:09 +0000 2018,0.167,0.725,0.109,-0.2263,Sun Apr 08 15:26:29 +0000 2018,0.091,0.909,0.0,0.0,Sun Apr 08 15:32:02 +0000 2018,0.0,1.0,0.0
1,0.0,Sun Apr 08 15:11:04 +0000 2018,0.0,1.0,0.0,0.8313,Sat Apr 07 19:35:08 +0000 2018,0.0,0.799,0.201,0.3612,Sun Apr 08 15:00:13 +0000 2018,0.0,0.918,0.082,0.3818,Sun Apr 08 15:25:30 +0000 2018,0.0,0.902,0.098,0.2297,Sun Apr 08 15:17:04 +0000 2018,0.0,0.854,0.146
2,-0.2023,Sun Apr 08 13:54:07 +0000 2018,0.189,0.811,0.0,0.0,Sat Apr 07 18:28:03 +0000 2018,0.0,1.0,0.0,0.0,Sun Apr 08 14:30:13 +0000 2018,0.0,1.0,0.0,-0.5106,Sun Apr 08 15:21:16 +0000 2018,0.152,0.789,0.059,0.4685,Sun Apr 08 15:02:08 +0000 2018,0.0,0.844,0.156
3,0.875,Sun Apr 08 13:23:39 +0000 2018,0.0,0.607,0.393,0.4199,Sat Apr 07 16:30:02 +0000 2018,0.0,0.924,0.076,-0.0258,Sun Apr 08 14:00:08 +0000 2018,0.097,0.811,0.093,0.0,Sun Apr 08 15:16:31 +0000 2018,0.0,1.0,0.0,0.2732,Sun Apr 08 14:42:07 +0000 2018,0.098,0.711,0.191
4,0.2732,Sun Apr 08 13:03:04 +0000 2018,0.0,0.488,0.512,0.4389,Sat Apr 07 15:31:12 +0000 2018,0.0,0.928,0.072,-0.6249,Sun Apr 08 13:45:09 +0000 2018,0.175,0.825,0.0,-0.1779,Sun Apr 08 15:05:31 +0000 2018,0.134,0.866,0.0,0.4215,Sun Apr 08 14:27:03 +0000 2018,0.0,0.877,0.123
5,-0.0772,Sun Apr 08 11:00:15 +0000 2018,0.058,0.942,0.0,0.0,Fri Apr 06 21:10:18 +0000 2018,0.0,1.0,0.0,-0.6808,Sun Apr 08 13:30:07 +0000 2018,0.221,0.697,0.082,0.3818,Sun Apr 08 15:03:45 +0000 2018,0.0,0.822,0.178,0.0,Sun Apr 08 14:12:10 +0000 2018,0.0,1.0,0.0
6,0.5859,Sun Apr 08 10:15:06 +0000 2018,0.0,0.787,0.213,0.0,Fri Apr 06 17:00:00 +0000 2018,0.0,1.0,0.0,-0.8519,Sun Apr 08 13:28:29 +0000 2018,0.249,0.751,0.0,0.0,Sun Apr 08 14:57:07 +0000 2018,0.0,1.0,0.0,-0.34,Sun Apr 08 13:55:05 +0000 2018,0.194,0.806,0.0
7,0.3818,Sun Apr 08 10:01:07 +0000 2018,0.0,0.894,0.106,0.3164,Fri Apr 06 13:45:00 +0000 2018,0.0,0.959,0.041,0.2023,Sun Apr 08 13:26:23 +0000 2018,0.0,0.942,0.058,-0.6486,Sun Apr 08 14:50:32 +0000 2018,0.306,0.694,0.0,0.0,Sun Apr 08 13:47:11 +0000 2018,0.0,1.0,0.0
8,0.0,Sun Apr 08 09:08:02 +0000 2018,0.0,1.0,0.0,0.6964,Thu Apr 05 21:44:00 +0000 2018,0.0,0.883,0.117,0.3804,Sun Apr 08 13:18:41 +0000 2018,0.046,0.852,0.102,-0.4404,Sun Apr 08 14:37:32 +0000 2018,0.153,0.847,0.0,-0.5574,Sun Apr 08 13:30:06 +0000 2018,0.143,0.823,0.034
9,0.0,Sun Apr 08 08:17:18 +0000 2018,0.0,1.0,0.0,0.6597,Thu Apr 05 19:07:48 +0000 2018,0.0,0.759,0.241,-0.4019,Sun Apr 08 13:09:00 +0000 2018,0.091,0.909,0.0,-0.296,Sun Apr 08 14:32:31 +0000 2018,0.091,0.909,0.0,-0.6908,Sun Apr 08 13:00:16 +0000 2018,0.186,0.814,0.0
10,0.6369,Sun Apr 08 08:08:07 +0000 2018,0.0,0.792,0.208,-0.3875,Thu Apr 05 17:00:00 +0000 2018,0.082,0.88,0.038,0.0,Sun Apr 08 13:00:01 +0000 2018,0.0,1.0,0.0,0.0,Sun Apr 08 14:28:31 +0000 2018,0.0,1.0,0.0,-0.4404,Sun Apr 08 12:30:04 +0000 2018,0.14,0.789,0.072
11,0.3612,Sun Apr 08 07:02:06 +0000 2018,0.0,0.783,0.217,0.8217,Wed Apr 04 22:07:01 +0000 2018,0.0,0.844,0.156,0.4019,Sun Apr 08 12:30:05 +0000 2018,0.0,0.803,0.197,-0.34,Sun Apr 08 14:27:35 +0000 2018,0.146,0.854,0.0,0.6124,Sun Apr 08 12:00:16 +0000 2018,0.0,0.792,0.208
12,0.5719,Sat Apr 07 18:00:22 +0000 2018,0.0,0.748,0.252,0.7568,Wed Apr 04 21:48:07 +0000 2018,0.0,0.712,0.288,-0.8402,Sun Apr 08 12:01:30 +0000 2018,0.205,0.795,0.0,-0.4404,Sun Apr 08 14:26:57 +0000 2018,0.153,0.847,0.0,0.5423,Sun Apr 08 11:30:15 +0000 2018,0.098,0.721,0.18
13,0.0,Sat Apr 07 17:19:26 +0000 2018,0.0,1.0,0.0,0.8495,Wed Apr 04 21:47:26 +0000 2018,0.0,0.634,0.366,0.5096,Sun Apr 08 11:30:16 +0000 2018,0.071,0.762,0.167,-0.6249,Sun Apr 08 14:25:59 +0000 2018,0.215,0.785,0.0,-0.6486,Sun Apr 08 11:02:53 +0000 2018,0.346,0.654,0.0
14,-0.7269,Sat Apr 07 17:04:03 +0000 2018,0.405,0.523,0.072,0.4926,Wed Apr 04 21:46:13 +0000 2018,0.0,0.803,0.197,0.0772,Sun Apr 08 11:00:10 +0000 2018,0.0,0.966,0.034,0.4019,Sun Apr 08 14:23:39 +0000 2018,0.0,0.803,0.197,0.046,Sun Apr 08 11:00:08 +0000 2018,0.061,0.838,0.101
15,0.6515,Sat Apr 07 16:00:23 +0000 2018,0.0,0.581,0.419,-0.3182,Wed Apr 04 21:44:17 +0000 2018,0.095,0.905,0.0,-0.7096,Sun Apr 08 10:30:08 +0000 2018,0.237,0.648,0.115,0.7096,Sun Apr 08 14:22:02 +0000 2018,0.0,0.874,0.126,-0.9136,Sun Apr 08 10:52:19 +0000 2018,0.463,0.489,0.049
16,0.6908,Sat Apr 07 15:01:03 +0000 2018,0.0,0.769,0.231,-0.25,Wed Apr 04 18:02:13 +0000 2018,0.133,0.867,0.0,0.6486,Sun Apr 08 10:00:17 +0000 2018,0.0,0.798,0.202,-0.296,Sun Apr 08 14:18:50 +0000 2018,0.091,0.909,0.0,0.0,Sun Apr 08 10:30:07 +0000 2018,0.0,1.0,0.0
17,0.0,Sat Apr 07 14:33:46 +0000 2018,0.0,1.0,0.0,0.6239,Tue Apr 03 23:00:00 +0000 2018,0.0,0.911,0.089,0.128,Sun Apr 08 09:30:22 +0000 2018,0.082,0.818,0.1,-0.9022,Sun Apr 08 14:07:41 +0000 2018,0.381,0.619,0.0,0.0,Sun Apr 08 10:15:39 +0000 2018,0.0,1.0,0.0
18,0.0,Sat Apr 07 14:00:31 +0000 2018,0.0,1.0,0.0,0.0,Tue Apr 03 21:00:02 +0000 2018,0.0,1.0,0.0,-0.4019,Sun Apr 08 09:00:19 +0000 2018,0.109,0.891,0.0,0.0,Sun Apr 08 14:03:05 +0000 2018,0.0,1.0,0.0,0.1901,Sun Apr 08 10:00:17 +0000 2018,0.0,0.951,0.049
19,-0.5719,Sat Apr 07 13:00:20 +0000 2018,0.222,0.778,0.0,0.7096,Tue Apr 03 18:00:00 +0000 2018,0.0,0.877,0.123,0.4404,Sun Apr 08 08:30:26 +0000 2018,0.0,0.83,0.17,0.4767,Sun Apr 08 13:58:00 +0000 2018,0.068,0.769,0.163,0.0,Sun Apr 08 09:35:05 +0000 2018,0.0,1.0,0.0
20,0.0018,Sat Apr 07 12:07:08 +0000 2018,0.129,0.703,0.168,0.807,Tue Apr 03 05:17:01 +0000 2018,0.0,0.659,0.341,-0.9136,Sun Apr 08 08:00:06 +0000 2018,0.458,0.542,0.0,0.4019,Sun Apr 08 13:50:32 +0000 2018,0.0,0.769,0.231,0.2732,Sun Apr 08 09:17:06 +0000 2018,0.0,0.826,0.174
21,0.0,Sat Apr 07 11:19:19 +0000 2018,0.0,1.0,0.0,0.1513,Mon Apr 02 17:30:00 +0000 2018,0.051,0.884,0.065,-0.3182,Sun Apr 08 07:30:09 +0000 2018,0.082,0.872,0.046,0.0,Sun Apr 08 13:48:12 +0000 2018,0.0,1.0,0.0,0.0,Sun Apr 08 09:00:31 +0000 2018,0.0,1.0,0.0
22,0.0,Sat Apr 07 11:00:57 +0000 2018,0.0,1.0,0.0,0.7783,Sun Apr 01 17:00:03 +0000 2018,0.0,0.788,0.212,0.0,Sun Apr 08 07:01:24 +0000 2018,0.0,1.0,0.0,0.0,Sun Apr 08 13:46:09 +0000 2018,0.0,1.0,0.0,0.0258,Sun Apr 08 08:42:26 +0000 2018,0.184,0.628,0.188
23,0.69,Sat Apr 07 11:00:18 +0000 2018,0.0,0.749,0.251,0.7351,Sat Mar 31 18:00:00 +0000 2018,0.0,0.854,0.146,-0.1531,Sun Apr 08 06:30:03 +0000 2018,0.132,0.769,0.099,0.0,Sun Apr 08 13:45:22 +0000 2018,0.0,1.0,0.0,-0.4291,Sun Apr 08 08:24:53 +0000 2018,0.079,0.921,0.0
24,0.0,Sat Apr 07 10:26:52 +0000 2018,0.0,1.0,0.0,0.4199,Sat Mar 31 15:30:00 +0000 2018,0.0,0.938,0.062,0.0,Sun Apr 08 06:00:00 +0000 2018,0.0,1.0,0.0,0.0,Sun Apr 08 13:42:52 +0000 2018,0.0,1.0,0.0,-0.296,Sun Apr 08 08:07:22 +0000 2018,0.073,0.927,0.0
25,-0.6966,Sat Apr 07 10:05:06 +0000 2018,0.15,0.85,0.0,0.6688,Fri Mar 30 16:50:00 +0000 2018,0.0,0.891,0.109,0.128,Sun Apr 08 05:30:04 +0000 2018,0.116,0.741,0.143,-0.3199,Sun Apr 08 13:42:04 +0000 2018,0.092,0.853,0.055,-0.3182,Sun Apr 08 07:49:54 +0000 2018,0.161,0.839,0.0
26,-0.8658,Sat Apr 07 09:00:12 +0000 2018,0.338,0.662,0.0,0.0,Thu Mar 29 17:32:40 +0000 2018,0.0,1.0,0.0,0.4019,Sun Apr 08 05:00:11 +0000 2018,0.0,0.87,0.13,-0.6486,Sun Apr 08 13:41:18 +0000 2018,0.29,0.71,0.0,0.3612,Sun Apr 08 07:37:48 +0000 2018,0.0,0.815,0.185
27,0.0,Sat Apr 07 08:00:16 +0000 2018,0.0,1.0,0.0,0.6239,Thu Mar 29 17:30:02 +0000 2018,0.0,0.903,0.097,0.0258,Sun Apr 08 04:45:56 +0000 2018,0.174,0.645,0.181,0.6369,Sun Apr 08 13:40:15 +0000 2018,0.0,0.86,0.14,0.3612,Sun Apr 08 07:21:28 +0000 2018,0.0,0.828,0.172
28,0.34,Sat Apr 07 07:54:05 +0000 2018,0.0,0.906,0.094,0.3818,Tue Mar 27 21:00:01 +0000 2018,0.068,0.8,0.133,0.0,Sun Apr 08 04:30:04 +0000 2018,0.0,1.0,0.0,0.0,Sun Apr 08 13:32:21 +0000 2018,0.0,1.0,0.0,-0.3818,Sun Apr 08 07:06:04 +0000 2018,0.133,0.867,0.0
29,0.4588,Sat Apr 07 07:03:06 +0000 2018,0.0,0.769,0.231,0.296,Tue Mar 27 17:00:00 +0000 2018,0.0,0.95,0.05,-0.8402,Sun Apr 08 04:01:39 +0000 2018,0.205,0.795,0.0,0.0,Sun Apr 08 13:30:00 +0000 2018,0.0,1.0,0.0,0.0,Sun Apr 08 06:47:29 +0000 2018,0.0,1.0,0.0
30,0.0,Fri Apr 06 19:48:37 +0000 2018,0.0,1.0,0.0,0.508,Mon Mar 26 22:14:25 +0000 2018,0.0,0.88,0.12,-0.1531,Sun Apr 08 03:30:12 +0000 2018,0.132,0.769,0.099,0.5423,Sun Apr 08 13:29:20 +0000 2018,0.0,0.816,0.184,-0.8687,Sun Apr 08 06:29:24 +0000 2018,0.271,0.729,0.0
31,0.0,Fri Apr 06 18:07:07 +0000 2018,0.0,1.0,0.0,0.0,Mon Mar 26 20:42:48 +0000 2018,0.0,1.0,0.0,0.0,Sun Apr 08 03:00:13 +0000 2018,0.0,1.0,0.0,0.1531,Sun Apr 08 13:27:20 +0000 2018,0.078,0.821,0.101,-0.9062,Sun Apr 08 06:11:35 +0000 2018,0.637,0.363,0.0
32,0.3612,Fri Apr 06 17:32:05 +0000 2018,0.0,0.894,0.106,0.7959,Mon Mar 26 16:59:19 +0000 2018,0.0,0.786,0.214,0.0,Sun Apr 08 02:30:50 +0000 2018,0.0,1.0,0.0,0.0,Sun Apr 08 13:27:12 +0000 2018,0.0,1.0,0.0,-0.2263,Sun Apr 08 06:05:39 +0000 2018,0.147,0.853,0.0
33,0.0,Fri Apr 06 16:13:08 +0000 2018,0.0,1.0,0.0,0.807,Mon Mar 26 16:05:18 +0000 2018,0.0,0.799,0.201,-0.3818,Sun Apr 08 02:00:11 +0000 2018,0.224,0.776,0.0,-0.8126,Sun Apr 08 13:19:19 +0000 2018,0.262,0.699,0.038,0.7096,Sun Apr 08 05:47:07 +0000 2018,0.0,0.742,0.258
34,-0.1531,Fri Apr 06 16:08:04 +0000 2018,0.124,0.78,0.096,0.0,Sun Mar 25 23:57:34 +0000 2018,0.0,1.0,0.0,-0.8271,Sun Apr 08 01:34:44 +0000 2018,0.314,0.686,0.0,0.5106,Sun Apr 08 13:16:12 +0000 2018,0.0,0.864,0.136,0.0,Sun Apr 08 05:28:52 +0000 2018,0.0,1.0,0.0
35,-0.7777,Fri Apr 06 16:02:36 +0000 2018,0.332,0.621,0.047,0.5754,Sun Mar 25 17:15:25 +0000 2018,0.053,0.802,0.145,0.0,Sun Apr 08 01:30:08 +0000 2018,0.0,1.0,0.0,0.6249,Sun Apr 08 13:10:27 +0000 2018,0.0,0.788,0.212,0.0,Sun Apr 08 05:10:34 +0000 2018,0.0,1.0,0.0
36,0.6037,Fri Apr 06 15:23:45 +0000 2018,0.0,0.64,0.36,0.5399,Sat Mar 24 22:46:53 +0000 2018,0.0,0.801,0.199,0.5994,Sun Apr 08 01:00:09 +0000 2018,0.0,0.62,0.38,0.0,Sun Apr 08 13:10:21 +0000 2018,0.0,1.0,0.0,-0.34,Sun Apr 08 04:52:12 +0000 2018,0.231,0.769,0.0
37,0.8126,Fri Apr 06 15:22:01 +0000 2018,0.0,0.791,0.209,-0.34,Sat Mar 24 22:46:43 +0000 2018,0.185,0.7,0.115,0.0,Sun Apr 08 00:45:08 +0000 2018,0.0,1.0,0.0,-0.5994,Sun Apr 08 13:10:17 +0000 2018,0.178,0.822,0.0,0.5423,Sun Apr 08 04:50:03 +0000 2018,0.053,0.772,0.175
38,0.0,Fri Apr 06 15:20:18 +0000 2018,0.0,1.0,0.0,0.7003,Sat Mar 24 22:25:03 +0000 2018,0.0,0.791,0.209,0.0,Sun Apr 08 00:30:05 +0000 2018,0.0,1.0,0.0,0.3182,Sun Apr 08 13:04:16 +0000 2018,0.0,0.796,0.204,0.1531,Sun Apr 08 04:33:06 +0000 2018,0.0,0.904,0.096
39,0.0,Fri Apr 06 15:02:33 +0000 2018,0.0,1.0,0.0,0.0,Sat Mar 24 22:21:37 +0000 2018,0.0,1.0,0.0,-0.8271,Sun Apr 08 00:27:28 +0000 2018,0.303,0.697,0.0,0.0516,Sun Apr 08 12:56:40 +0000 2018,0.091,0.777,0.132,0.5487,Sun Apr 08 04:15:23 +0000 2018,0.0,0.871,0.129
40,0.5499,Fri Apr 06 15:02:05 +0000 2018,0.282,0.332,0.385,0.0,Sat Mar 24 22:21:34 +0000 2018,0.0,1.0,0.0,0.0,Sun Apr 08 00:20:06 +0000 2018,0.0,1.0,0.0,-0.8519,Sun Apr 08 12:37:57 +0000 2018,0.433,0.469,0.097,-0.5423,Sun Apr 08 03:56:21 +0000 2018,0.101,0.899,0.0
41,-0.5849,Fri Apr 06 14:30:39 +0000 2018,0.31,0.559,0.13,0.7184,Sat Mar 24 22:21:26 +0000 2018,0.0,0.667,0.333,-0.9022,Sun Apr 08 00:18:34 +0000 2018,0.268,0.732,0.0,0.4939,Sun Apr 08 12:11:47 +0000 2018,0.0,0.789,0.211,0.3182,Sun Apr 08 03:39:49 +0000 2018,0.0,0.922,0.078
42,0.0,Fri Apr 06 14:07:06 +0000 2018,0.0,1.0,0.0,0.9451,Sat Mar 24 22:21:23 +0000 2018,0.0,0.58,0.42,-0.6808,Sun Apr 08 00:10:43 +0000 2018,0.17,0.761,0.07,0.0,Sun Apr 08 11:48:46 +0000 2018,0.0,1.0,0.0,-0.296,Sun Apr 08 03:20:46 +0000 2018,0.18,0.82,0.0
43,-0.4215,Fri Apr 06 13:02:05 +0000 2018,0.171,0.741,0.088,0.6239,Sat Mar 24 20:00:02 +0000 2018,0.0,0.909,0.091,-0.8612,Sat Apr 07 23:49:29 +0000 2018,0.323,0.677,0.0,-0.2617,Sun Apr 08 11:37:46 +0000 2018,0.097,0.903,0.0,0.0,Sun Apr 08 03:01:34 +0000 2018,0.0,1.0,0.0
44,0.0,Fri Apr 06 12:18:09 +0000 2018,0.0,1.0,0.0,0.8697,Fri Mar 23 22:33:52 +0000 2018,0.0,0.765,0.235,0.0,Sat Apr 07 23:45:49 +0000 2018,0.0,1.0,0.0,0.1531,Sun Apr 08 11:25:51 +0000 2018,0.125,0.714,0.161,0.0,Sun Apr 08 02:45:24 +0000 2018,0.0,1.0,0.0
45,0.2023,Fri Apr 06 12:03:05 +0000 2018,0.0,0.899,0.101,0.4939,Fri Mar 23 22:33:04 +0000 2018,0.0,0.686,0.314,-0.6597,Sat Apr 07 23:40:05 +0000 2018,0.19,0.81,0.0,0.4767,Sun Apr 08 11:14:35 +0000 2018,0.0,0.78,0.22,0.0,Sun Apr 08 02:28:17 +0000 2018,0.0,1.0,0.0
46,0.8617,Fri Apr 06 11:32:15 +0000 2018,0.0,0.689,0.311,0.8997,Fri Mar 23 22:32:48 +0000 2018,0.0,0.645,0.355,-0.34,Sat Apr 07 23:30:49 +0000 2018,0.118,0.882,0.0,-0.8779,Sun Apr 08 11:11:42 +0000 2018,0.502,0.498,0.0,0.0,Sun Apr 08 02:11:12 +0000 2018,0.0,1.0,0.0
47,0.0,Fri Apr 06 11:00:06 +0000 2018,0.0,1.0,0.0,0.6514,Thu Mar 22 22:10:29 +0000 2018,0.0,0.907,0.093,-0.802,Sat Apr 07 23:30:34 +0000 2018,0.365,0.635,0.0,0.2732,Sun Apr 08 11:01:56 +0000 2018,0.068,0.81,0.122,0.0,Sun Apr 08 01:56:45 +0000 2018,0.0,1.0,0.0
48,0.0,Fri Apr 06 10:10:03 +0000 2018,0.0,1.0,0.0,0.7081,Thu Mar 22 20:52:02 +0000 2018,0.066,0.623,0.311,0.0,Sat Apr 07 23:15:07 +0000 2018,0.0,1.0,0.0,0.0,Sun Apr 08 10:49:37 +0000 2018,0.0,1.0,0.0,-0.6908,Sun Apr 08 01:49:46 +0000 2018,0.19,0.81,0.0
49,0.0,Fri Apr 06 08:58:33 +0000 2018,0.0,1.0,0.0,0.636,Thu Mar 22 00:23:38 +0000 2018,0.0,0.819,0.181,0.4019,Sat Apr 07 23:14:59 +0000 2018,0.0,0.868,0.132,-0.8271,Sun Apr 08 10:38:00 +0000 2018,0.367,0.633,0.0,0.6597,Sun Apr 08 01:33:12 +0000 2018,0.0,0.769,0.231
50,0.0,Fri Apr 06 08:30:51 +0000 2018,0.0,1.0,0.0,0.4588,Wed Mar 21 18:00:01 +0000 2018,0.0,0.933,0.067,0.0,Sat Apr 07 23:00:17 +0000 2018,0.0,1.0,0.0,-0.5267,Sun Apr 08 10:36:00 +0000 2018,0.112,0.888,0.0,-0.765,Sun Apr 08 01:14:22 +0000 2018,0.485,0.515,0.0
51,0.25,Fri Apr 06 08:08:50 +0000 2018,0.0,0.905,0.095,0.5106,Tue Mar 20 20:00:01 +0000 2018,0.0,0.918,0.082,0.0772,Sat Apr 07 22:45:07 +0000 2018,0.2,0.634,0.166,0.5859,Sun Apr 08 10:34:17 +0000 2018,0.0,0.858,0.142,0.0258,Sun Apr 08 01:12:03 +0000 2018,0.142,0.711,0.147
52,0.0,Fri Apr 06 08:00:17 +0000 2018,0.0,1.0,0.0,0.0,Tue Mar 20 17:58:43 +0000 2018,0.0,1.0,0.0,0.4404,Sat Apr 07 22:30:15 +0000 2018,0.0,0.884,0.116,-0.6597,Sun Apr 08 10:13:46 +0000 2018,0.444,0.556,0.0,0.0,Sun Apr 08 00:54:49 +0000 2018,0.0,1.0,0.0
53,0.4579,Fri Apr 06 07:00:09 +0000 2018,0.067,0.779,0.154,0.5562,Tue Mar 20 16:52:42 +0000 2018,0.0,0.826,0.174,-0.7783,Sat Apr 07 22:15:02 +0000 2018,0.293,0.578,0.129,-0.3506,Sun Apr 08 09:45:00 +0000 2018,0.053,0.947,0.0,0.0,Sun Apr 08 00:37:48 +0000 2018,0.0,1.0,0.0
54,-0.6908,Thu Apr 05 20:02:00 +0000 2018,0.176,0.824,0.0,0.0,Tue Mar 20 16:11:00 +0000 2018,0.0,1.0,0.0,0.0,Sat Apr 07 22:00:14 +0000 2018,0.0,1.0,0.0,-0.34,Sun Apr 08 09:30:00 +0000 2018,0.13,0.815,0.055,-0.5719,Sun Apr 08 00:17:33 +0000 2018,0.134,0.866,0.0
55,0.7096,Thu Apr 05 18:00:24 +0000 2018,0.0,0.629,0.371,0.7845,Mon Mar 19 21:02:26 +0000 2018,0.072,0.619,0.309,0.4404,Sat Apr 07 21:45:09 +0000 2018,0.0,0.756,0.244,-0.5719,Sun Apr 08 09:15:00 +0000 2018,0.132,0.813,0.055,0.25,Sun Apr 08 00:01:10 +0000 2018,0.138,0.652,0.21
56,0.0,Thu Apr 05 17:02:05 +0000 2018,0.0,1.0,0.0,0.0,Sun Mar 18 23:44:30 +0000 2018,0.0,1.0,0.0,0.0,Sat Apr 07 21:30:16 +0000 2018,0.0,1.0,0.0,0.681,Sun Apr 08 09:00:08 +0000 2018,0.027,0.816,0.157,-0.0258,Sat Apr 07 23:54:14 +0000 2018,0.184,0.634,0.181
57,-0.765,Thu Apr 05 16:00:17 +0000 2018,0.32,0.68,0.0,0.6514,Sun Mar 18 18:05:43 +0000 2018,0.0,0.787,0.213,-0.6486,Sat Apr 07 21:15:06 +0000 2018,0.264,0.736,0.0,0.5426,Sun Apr 08 09:00:02 +0000 2018,0.123,0.661,0.216,-0.2263,Sat Apr 07 23:38:00 +0000 2018,0.113,0.821,0.067
58,0.0,Thu Apr 05 15:55:28 +0000 2018,0.0,1.0,0.0,0.1867,Sun Mar 18 17:09:53 +0000 2018,0.0,0.92,0.08,-0.4767,Sat Apr 07 21:00:08 +0000 2018,0.181,0.819,0.0,0.0,Sun Apr 08 09:00:01 +0000 2018,0.0,1.0,0.0,0.7351,Sat Apr 07 23:21:07 +0000 2018,0.0,0.776,0.224
59,0.0,Thu Apr 05 14:34:17 +0000 2018,0.0,1.0,0.0,0.0,Sat Mar 17 19:00:02 +0000 2018,0.0,1.0,0.0,-0.9413,Sat Apr 07 20:45:08 +0000 2018,0.28,0.72,0.0,0.7964,Sun Apr 08 08:56:00 +0000 2018,0.0,0.69,0.31,0.0,Sat Apr 07 23:02:16 +0000 2018,0.0,1.0,0.0
60,0.0028,Thu Apr 05 12:59:08 +0000 2018,0.118,0.724,0.159,0.6166,Sat Mar 17 17:42:43 +0000 2018,0.0,0.845,0.155,0.34,Sat Apr 07 20:30:05 +0000 2018,0.0,0.844,0.156,0.0,Sun Apr 08 08:53:00 +0000 2018,0.0,1.0,0.0,-0.34,Sat Apr 07 22:53:21 +0000 2018,0.194,0.806,0.0
61,0.4588,Thu Apr 05 12:37:24 +0000 2018,0.0,0.75,0.25,0.8402,Sat Mar 17 14:00:03 +0000 2018,0.0,0.75,0.25,0.0,Sat Apr 07 20:15:04 +0000 2018,0.0,1.0,0.0,0.0,Sun Apr 08 08:50:00 +0000 2018,0.0,1.0,0.0,-0.3612,Sat Apr 07 22:50:31 +0000 2018,0.238,0.762,0.0
62,-0.2263,Thu Apr 05 11:56:05 +0000 2018,0.112,0.888,0.0,0.296,Fri Mar 16 22:53:21 +0000 2018,0.0,0.901,0.099,0.6705,Sat Apr 07 20:00:12 +0000 2018,0.086,0.552,0.362,0.0,Sun Apr 08 08:45:00 +0000 2018,0.0,1.0,0.0,-0.5267,Sat Apr 07 22:33:46 +0000 2018,0.206,0.794,0.0
63,0.0,Thu Apr 05 11:01:08 +0000 2018,0.0,1.0,0.0,0.0,Fri Mar 16 18:15:53 +0000 2018,0.0,1.0,0.0,-0.6597,Sat Apr 07 19:45:11 +0000 2018,0.253,0.747,0.0,0.6705,Sun Apr 08 08:40:00 +0000 2018,0.0,0.735,0.265,-0.1779,Sat Apr 07 22:13:50 +0000 2018,0.127,0.772,0.1
64,0.0,Thu Apr 05 10:26:16 +0000 2018,0.0,1.0,0.0,0.6514,Fri Mar 16 16:28:40 +0000 2018,0.0,0.829,0.171,0.128,Sat Apr 07 19:30:14 +0000 2018,0.17,0.566,0.264,0.0,Sun Apr 08 08:35:00 +0000 2018,0.0,1.0,0.0,0.0,Sat Apr 07 22:10:32 +0000 2018,0.0,1.0,0.0
65,0.4215,Thu Apr 05 10:22:47 +0000 2018,0.0,0.797,0.203,0.7088,Thu Mar 15 17:54:06 +0000 2018,0.0,0.763,0.237,0.25,Sat Apr 07 19:15:06 +0000 2018,0.092,0.761,0.147,-0.7269,Sun Apr 08 08:30:00 +0000 2018,0.112,0.86,0.028,0.34,Sat Apr 07 22:00:19 +0000 2018,0.0,0.893,0.107
66,0.6027,Thu Apr 05 10:03:28 +0000 2018,0.0,0.843,0.157,-0.4939,Thu Mar 15 17:20:26 +0000 2018,0.157,0.766,0.077,0.5106,Sat Apr 07 19:00:11 +0000 2018,0.0,0.732,0.268,-0.4588,Sun Apr 08 08:25:00 +0000 2018,0.328,0.517,0.155,0.34,Sat Apr 07 21:45:05 +0000 2018,0.0,0.926,0.074
67,0.0,Thu Apr 05 09:55:45 +0000 2018,0.0,1.0,0.0,0.6514,Thu Mar 15 16:42:41 +0000 2018,0.0,0.806,0.194,-0.802,Sat Apr 07 18:45:07 +0000 2018,0.474,0.526,0.0,0.4215,Sun Apr 08 08:20:00 +0000 2018,0.0,0.891,0.109,0.5688,Sat Apr 07 21:30:13 +0000 2018,0.0,0.779,0.221
68,0.2023,Thu Apr 05 09:53:47 +0000 2018,0.0,0.924,0.076,0.6115,Thu Mar 15 14:32:16 +0000 2018,0.0,0.734,0.266,0.0,Sat Apr 07 18:30:17 +0000 2018,0.0,1.0,0.0,0.0,Sun Apr 08 08:15:00 +0000 2018,0.0,1.0,0.0,0.0,Sat Apr 07 21:22:04 +0000 2018,0.0,1.0,0.0
69,0.3164,Thu Apr 05 09:52:41 +0000 2018,0.0,0.906,0.094,0.6696,Wed Mar 14 19:30:01 +0000 2018,0.0,0.892,0.108,0.5859,Sat Apr 07 18:15:07 +0000 2018,0.0,0.798,0.202,-0.8176,Sun Apr 08 08:10:00 +0000 2018,0.254,0.746,0.0,0.5994,Sat Apr 07 21:15:04 +0000 2018,0.0,0.754,0.246
70,0.0,Thu Apr 05 09:44:41 +0000 2018,0.0,1.0,0.0,0.3612,Tue Mar 13 18:48:52 +0000 2018,0.0,0.857,0.143,0.0,Sat Apr 07 18:00:11 +0000 2018,0.0,1.0,0.0,-0.8779,Sun Apr 08 08:05:00 +0000 2018,0.502,0.498,0.0,-0.4019,Sat Apr 07 21:00:06 +0000 2018,0.278,0.722,0.0
71,-0.128,Thu Apr 05 09:06:05 +0000 2018,0.091,0.909,0.0,0.539,Tue Mar 13 14:15:10 +0000 2018,0.0,0.899,0.101,0.0,Sat Apr 07 17:45:03 +0000 2018,0.0,1.0,0.0,-0.0516,Sun Apr 08 08:00:01 +0000 2018,0.171,0.667,0.162,0.0,Sat Apr 07 20:49:33 +0000 2018,0.0,1.0,0.0
72,-0.4003,Thu Apr 05 08:57:48 +0000 2018,0.114,0.886,0.0,0.2244,Mon Mar 12 18:13:28 +0000 2018,0.0,0.917,0.083,-0.802,Sat Apr 07 17:30:10 +0000 2018,0.375,0.625,0.0,0.6597,Sun Apr 08 07:55:00 +0000 2018,0.0,0.779,0.221,0.0,Sat Apr 07 20:30:04 +0000 2018,0.0,1.0,0.0
73,-0.2023,Thu Apr 05 08:01:06 +0000 2018,0.229,0.625,0.146,0.0,Mon Mar 12 01:20:43 +0000 2018,0.0,1.0,0.0,0.7184,Sat Apr 07 17:16:16 +0000 2018,0.0,0.829,0.171,0.8737,Sun Apr 08 07:50:00 +0000 2018,0.0,0.695,0.305,0.0,Sat Apr 07 20:15:04 +0000 2018,0.0,1.0,0.0
74,0.0,Thu Apr 05 07:33:03 +0000 2018,0.0,1.0,0.0,0.4926,Fri Mar 09 22:48:26 +0000 2018,0.0,0.883,0.117,-0.7184,Sat Apr 07 17:00:14 +0000 2018,0.316,0.684,0.0,0.0,Sun Apr 08 07:45:00 +0000 2018,0.0,1.0,0.0,0.0,Sat Apr 07 20:00:13 +0000 2018,0.0,1.0,0.0
75,0.7269,Thu Apr 05 07:29:10 +0000 2018,0.0,0.643,0.357,0.1275,Fri Mar 09 22:24:20 +0000 2018,0.092,0.795,0.113,-0.7003,Sat Apr 07 16:45:06 +0000 2018,0.31,0.62,0.07,0.0,Sun Apr 08 07:41:00 +0000 2018,0.0,1.0,0.0,-0.5574,Sat Apr 07 19:50:03 +0000 2018,0.143,0.823,0.034
76,-0.5994,Thu Apr 05 07:00:08 +0000 2018,0.262,0.738,0.0,0.784,Fri Mar 09 21:10:21 +0000 2018,0.0,0.853,0.147,-0.4767,Sat Apr 07 16:37:05 +0000 2018,0.129,0.871,0.0,0.0,Sun Apr 08 07:36:00 +0000 2018,0.0,1.0,0.0,-0.9136,Sat Apr 07 19:45:20 +0000 2018,0.319,0.681,0.0
77,0.7906,Wed Apr 04 19:05:08 +0000 2018,0.0,0.759,0.241,0.8658,Fri Mar 09 18:27:28 +0000 2018,0.0,0.553,0.447,0.4404,Sat Apr 07 16:30:13 +0000 2018,0.107,0.678,0.215,0.6249,Sun Apr 08 07:31:00 +0000 2018,0.0,0.687,0.313,-0.3818,Sat Apr 07 19:32:05 +0000 2018,0.146,0.729,0.125
78,0.4215,Wed Apr 04 18:02:06 +0000 2018,0.0,0.763,0.237,0.0,Fri Mar 09 16:02:27 +0000 2018,0.0,1.0,0.0,0.3182,Sat Apr 07 16:15:09 +0000 2018,0.0,0.752,0.248,0.5972,Sun Apr 08 07:26:00 +0000 2018,0.0,0.589,0.411,0.0,Sat Apr 07 19:17:07 +0000 2018,0.0,1.0,0.0
79,0.0,Wed Apr 04 17:04:50 +0000 2018,0.0,1.0,0.0,0.91,Thu Mar 08 18:00:49 +0000 2018,0.0,0.675,0.325,-0.9477,Sat Apr 07 16:04:30 +0000 2018,0.314,0.686,0.0,-0.9571,Sun Apr 08 07:21:00 +0000 2018,0.308,0.692,0.0,0.0,Sat Apr 07 19:02:06 +0000 2018,0.0,1.0,0.0
80,-0.1531,Wed Apr 04 17:02:05 +0000 2018,0.062,0.938,0.0,0.6688,Thu Mar 08 17:03:04 +0000 2018,0.0,0.889,0.111,0.5859,Sat Apr 07 16:00:03 +0000 2018,0.0,0.774,0.226,0.5423,Sun Apr 08 07:18:00 +0000 2018,0.0,0.743,0.257,0.0,Sat Apr 07 18:47:06 +0000 2018,0.0,1.0,0.0
81,0.0,Wed Apr 04 16:00:29 +0000 2018,0.0,1.0,0.0,-0.2023,Wed Mar 07 18:39:10 +0000 2018,0.23,0.619,0.15,0.0,Sat Apr 07 15:45:05 +0000 2018,0.0,1.0,0.0,-0.6369,Sun Apr 08 07:13:00 +0000 2018,0.442,0.385,0.173,-0.6275,Sat Apr 07 18:34:03 +0000 2018,0.23,0.671,0.098
82,0.0,Wed Apr 04 15:03:05 +0000 2018,0.0,1.0,0.0,0.0,Wed Mar 07 17:06:02 +0000 2018,0.0,1.0,0.0,-0.7906,Sat Apr 07 15:38:32 +0000 2018,0.241,0.759,0.0,-0.1779,Sun Apr 08 07:08:00 +0000 2018,0.137,0.742,0.121,-0.802,Sat Apr 07 18:32:06 +0000 2018,0.265,0.735,0.0
83,0.0,Wed Apr 04 13:05:05 +0000 2018,0.0,1.0,0.0,0.6705,Tue Mar 06 18:10:59 +0000 2018,0.0,0.766,0.234,-0.5859,Sat Apr 07 15:30:12 +0000 2018,0.241,0.759,0.0,0.0,Sun Apr 08 07:03:00 +0000 2018,0.0,1.0,0.0,0.5423,Sat Apr 07 18:27:21 +0000 2018,0.098,0.721,0.18
84,-0.296,Wed Apr 04 12:49:56 +0000 2018,0.121,0.879,0.0,0.4389,Mon Mar 05 22:16:43 +0000 2018,0.0,0.915,0.085,-0.7906,Sat Apr 07 15:25:45 +0000 2018,0.25,0.75,0.0,0.8316,Sun Apr 08 06:58:00 +0000 2018,0.0,0.783,0.217,0.5719,Sat Apr 07 18:02:05 +0000 2018,0.0,0.866,0.134
85,0.636,Wed Apr 04 12:17:04 +0000 2018,0.0,0.729,0.271,0.4404,Sun Mar 04 08:05:26 +0000 2018,0.0,0.884,0.116,-0.296,Sat Apr 07 15:15:10 +0000 2018,0.196,0.804,0.0,0.1531,Sun Apr 08 06:55:00 +0000 2018,0.125,0.714,0.161,0.296,Sat Apr 07 17:54:53 +0000 2018,0.107,0.68,0.214
86,0.0,Wed Apr 04 12:03:29 +0000 2018,0.0,1.0,0.0,0.0,Sat Mar 03 20:55:20 +0000 2018,0.0,1.0,0.0,0.0,Sat Apr 07 15:00:03 +0000 2018,0.0,1.0,0.0,0.0,Sun Apr 08 06:51:00 +0000 2018,0.0,1.0,0.0,-0.296,Sat Apr 07 17:36:47 +0000 2018,0.104,0.896,0.0
87,0.1531,Wed Apr 04 12:00:30 +0000 2018,0.0,0.897,0.103,0.91,Fri Mar 02 22:30:01 +0000 2018,0.0,0.658,0.342,-0.6486,Sat Apr 07 14:45:08 +0000 2018,0.264,0.736,0.0,-0.1779,Sun Apr 08 06:48:00 +0000 2018,0.125,0.742,0.134,0.0,Sat Apr 07 17:18:37 +0000 2018,0.0,1.0,0.0
88,0.34,Wed Apr 04 11:02:06 +0000 2018,0.0,0.902,0.098,0.7096,Fri Mar 02 20:30:01 +0000 2018,0.0,0.803,0.197,0.0,Sat Apr 07 14:30:11 +0000 2018,0.0,1.0,0.0,-0.0772,Sun Apr 08 06:43:00 +0000 2018,0.086,0.858,0.056,-0.4404,Sat Apr 07 17:02:04 +0000 2018,0.14,0.789,0.072
89,0.4019,Wed Apr 04 10:19:06 +0000 2018,0.0,0.891,0.109,0.4215,Fri Mar 02 18:45:00 +0000 2018,0.033,0.892,0.075,-0.3818,Sat Apr 07 14:22:38 +0000 2018,0.271,0.729,0.0,-0.5574,Sun Apr 08 06:38:00 +0000 2018,0.474,0.526,0.0,-0.6908,Sat Apr 07 16:47:02 +0000 2018,0.186,0.814,0.0
90,0.25,Wed Apr 04 10:09:33 +0000 2018,0.0,0.929,0.071,-0.6981,Thu Mar 01 18:59:01 +0000 2018,0.21,0.79,0.0,0.3612,Sat Apr 07 14:01:06 +0000 2018,0.0,0.918,0.082,0.7351,Sun Apr 08 06:33:00 +0000 2018,0.0,0.837,0.163,0.1531,Sat Apr 07 16:32:06 +0000 2018,0.082,0.819,0.099
91,0.0,Wed Apr 04 09:16:19 +0000 2018,0.0,1.0,0.0,0.4547,Thu Mar 01 18:12:57 +0000 2018,0.092,0.749,0.159,0.0,Sat Apr 07 13:31:03 +0000 2018,0.0,1.0,0.0,0.4939,Sun Apr 08 06:28:00 +0000 2018,0.0,0.738,0.262,0.6124,Sat Apr 07 16:17:04 +0000 2018,0.0,0.792,0.208
92,-0.5423,Wed Apr 04 09:11:29 +0000 2018,0.209,0.791,0.0,0.8591,Thu Mar 01 18:11:50 +0000 2018,0.0,0.462,0.538,-0.0258,Sat Apr 07 13:01:06 +0000 2018,0.097,0.811,0.093,-0.34,Sun Apr 08 06:23:00 +0000 2018,0.077,0.877,0.046,-0.5562,Sat Apr 07 16:02:05 +0000 2018,0.269,0.578,0.154
93,0.6486,Wed Apr 04 08:03:03 +0000 2018,0.0,0.739,0.261,0.4885,Thu Mar 01 18:10:50 +0000 2018,0.151,0.615,0.234,-0.6808,Sat Apr 07 12:31:03 +0000 2018,0.221,0.697,0.082,0.1406,Sun Apr 08 06:18:00 +0000 2018,0.0,0.886,0.114,-0.5267,Sat Apr 07 15:47:03 +0000 2018,0.145,0.789,0.066
94,0.0,Wed Apr 04 07:29:52 +0000 2018,0.0,1.0,0.0,0.5994,Thu Mar 01 14:36:21 +0000 2018,0.0,0.822,0.178,0.0,Sat Apr 07 12:16:00 +0000 2018,0.0,1.0,0.0,0.34,Sun Apr 08 06:13:00 +0000 2018,0.0,0.821,0.179,0.2823,Sat Apr 07 15:32:02 +0000 2018,0.091,0.748,0.161
95,0.6696,Wed Apr 04 07:29:46 +0000 2018,0.0,0.817,0.183,0.7717,Thu Mar 01 14:29:20 +0000 2018,0.0,0.675,0.325,0.4019,Sat Apr 07 12:01:05 +0000 2018,0.0,0.803,0.197,0.0,Sun Apr 08 06:08:00 +0000 2018,0.0,1.0,0.0,0.4588,Sat Apr 07 15:17:04 +0000 2018,0.0,0.9,0.1
96,0.25,Wed Apr 04 07:27:06 +0000 2018,0.0,0.818,0.182,0.7177,Thu Mar 01 14:15:29 +0000 2018,0.0,0.8,0.2,-0.8402,Sat Apr 07 11:31:48 +0000 2018,0.205,0.795,0.0,0.34,Sun Apr 08 06:03:00 +0000 2018,0.0,0.909,0.091,-0.5859,Sat Apr 07 15:02:03 +0000 2018,0.156,0.844,0.0
97,-0.1511,Wed Apr 04 07:00:06 +0000 2018,0.166,0.834,0.0,0.6369,Thu Mar 01 13:50:11 +0000 2018,0.0,0.87,0.13,0.0,Sat Apr 07 11:01:02 +0000 2018,0.0,1.0,0.0,-0.5423,Sun Apr 08 05:58:00 +0000 2018,0.226,0.774,0.0,0.1901,Sat Apr 07 14:47:05 +0000 2018,0.0,0.951,0.049
98,0.0772,Tue Apr 03 20:03:05 +0000 2018,0.0,0.944,0.056,0.0,Thu Mar 01 01:04:52 +0000 2018,0.0,1.0,0.0,-0.3818,Sat Apr 07 10:57:42 +0000 2018,0.146,0.772,0.081,0.6124,Sun Apr 08 05:53:00 +0000 2018,0.033,0.841,0.126,0.0,Sat Apr 07 14:32:04 +0000 2018,0.0,1.0,0.0
99,0.0,Tue Apr 03 18:03:05 +0000 2018,0.0,1.0,0.0,0.0,Wed Feb 28 19:56:58 +0000 2018,0.0,1.0,0.0,0.3089,Sat Apr 07 10:31:04 +0000 2018,0.0,0.869,0.131,-0.1027,Sun Apr 08 05:48:00 +0000 2018,0.213,0.6,0.187,0.0,Sat Apr 07 14:17:04 +0000 2018,0.0,1.0,0.0
100,-0.5411,Tue Apr 03 17:03:04 +0000 2018,0.304,0.576,0.119,0.4404,Wed Feb 28 19:08:30 +0000 2018,0.0,0.884,0.116,0.4019,Sat Apr 07 10:01:04 +0000 2018,0.0,0.881,0.119,0.0,Sun Apr 08 05:43:00 +0000 2018,0.0,1.0,0.0,0.0094,Sat Apr 07 14:02:09 +0000 2018,0.09,0.818,0.092
101,-0.7351,Tue Apr 03 16:22:33 +0000 2018,0.265,0.735,0.0,0.5562,Tue Feb 27 03:23:47 +0000 2018,0.0,0.848,0.152,0.5096,Sat Apr 07 09:58:11 +0000 2018,0.073,0.755,0.172,0.0,Sun Apr 08 05:38:00 +0000 2018,0.0,1.0,0.0,-0.7096,Sat Apr 07 13:47:44 +0000 2018,0.385,0.503,0.112
102,0.0,Tue Apr 03 16:02:04 +0000 2018,0.0,1.0,0.0,0.0,Mon Feb 26 22:50:32 +0000 2018,0.0,1.0,0.0,0.0772,Sat Apr 07 09:31:06 +0000 2018,0.0,0.965,0.035,-0.9313,Sun Apr 08 05:33:00 +0000 2018,0.389,0.611,0.0,0.0,Sat Apr 07 13:41:06 +0000 2018,0.0,1.0,0.0
103,0.7351,Tue Apr 03 15:05:05 +0000 2018,0.0,0.788,0.212,0.0,Mon Feb 26 21:08:30 +0000 2018,0.0,1.0,0.0,-0.5106,Sat Apr 07 09:01:02 +0000 2018,0.212,0.788,0.0,0.34,Sun Apr 08 05:31:00 +0000 2018,0.0,0.833,0.167,-0.6705,Sat Apr 07 13:31:00 +0000 2018,0.101,0.899,0.0
104,0.0,Tue Apr 03 14:50:24 +0000 2018,0.0,1.0,0.0,0.4482,Mon Feb 26 19:53:41 +0000 2018,0.0,0.895,0.105,0.0,Sat Apr 07 08:31:05 +0000 2018,0.0,1.0,0.0,-0.296,Sun Apr 08 05:27:00 +0000 2018,0.304,0.541,0.155,0.3612,Sat Apr 07 13:21:03 +0000 2018,0.0,0.902,0.098
105,0.0,Tue Apr 03 14:47:02 +0000 2018,0.0,1.0,0.0,0.784,Mon Feb 26 18:32:36 +0000 2018,0.0,0.734,0.266,-0.7906,Sat Apr 07 08:21:22 +0000 2018,0.28,0.72,0.0,0.0,Sun Apr 08 05:23:00 +0000 2018,0.0,1.0,0.0,0.2776,Sat Apr 07 13:02:07 +0000 2018,0.059,0.837,0.104
106,0.0,Tue Apr 03 14:27:34 +0000 2018,0.0,1.0,0.0,0.9359,Mon Feb 26 18:20:16 +0000 2018,0.0,0.571,0.429,-0.5106,Sat Apr 07 08:01:04 +0000 2018,0.216,0.784,0.0,-0.5423,Sun Apr 08 05:18:00 +0000 2018,0.257,0.743,0.0,0.0,Sat Apr 07 12:41:06 +0000 2018,0.0,1.0,0.0
107,0.0,Tue Apr 03 13:15:07 +0000 2018,0.0,1.0,0.0,-0.5423,Mon Feb 26 16:53:56 +0000 2018,0.184,0.816,0.0,-0.7096,Sat Apr 07 07:31:06 +0000 2018,0.237,0.648,0.115,-0.4215,Sun Apr 08 05:13:00 +0000 2018,0.097,0.903,0.0,-0.128,Sat Apr 07 12:31:08 +0000 2018,0.13,0.87,0.0
108,0.0,Tue Apr 03 12:57:41 +0000 2018,0.0,1.0,0.0,0.0,Mon Feb 26 16:52:01 +0000 2018,0.0,1.0,0.0,0.6486,Sat Apr 07 07:16:02 +0000 2018,0.0,0.798,0.202,0.34,Sun Apr 08 05:08:00 +0000 2018,0.0,0.936,0.064,0.3291,Sat Apr 07 12:21:02 +0000 2018,0.0,0.865,0.135
109,0.5093,Tue Apr 03 12:41:53 +0000 2018,0.0,0.83,0.17,0.0,Mon Feb 26 16:17:55 +0000 2018,0.0,1.0,0.0,-0.2732,Sat Apr 07 07:01:03 +0000 2018,0.084,0.875,0.042,0.7553,Sun Apr 08 05:03:00 +0000 2018,0.04,0.784,0.176,0.0,Sat Apr 07 12:02:09 +0000 2018,0.0,1.0,0.0
110,0.0,Tue Apr 03 12:05:58 +0000 2018,0.0,1.0,0.0,0.7644,Mon Feb 26 01:12:32 +0000 2018,0.0,0.769,0.231,0.128,Sat Apr 07 06:46:00 +0000 2018,0.082,0.818,0.1,-0.3612,Sun Apr 08 04:58:00 +0000 2018,0.102,0.898,0.0,0.4404,Sat Apr 07 11:55:33 +0000 2018,0.0,0.805,0.195
111,0.0,Tue Apr 03 12:02:22 +0000 2018,0.0,1.0,0.0,0.0,Sun Feb 25 21:51:32 +0000 2018,0.0,1.0,0.0,0.0,Sat Apr 07 06:31:06 +0000 2018,0.0,1.0,0.0,-0.4767,Sun Apr 08 04:53:00 +0000 2018,0.194,0.806,0.0,0.0,Sat Apr 07 11:44:00 +0000 2018,0.0,1.0,0.0
112,0.8126,Tue Apr 03 12:01:00 +0000 2018,0.0,0.714,0.286,0.0,Sun Feb 25 21:51:22 +0000 2018,0.0,1.0,0.0,-0.5994,Sat Apr 07 06:15:09 +0000 2018,0.122,0.878,0.0,-0.8834,Sun Apr 08 04:48:00 +0000 2018,0.484,0.516,0.0,0.34,Sat Apr 07 11:41:04 +0000 2018,0.0,0.897,0.103
113,-0.1082,Tue Apr 03 11:37:31 +0000 2018,0.123,0.773,0.104,0.5093,Fri Feb 23 18:15:40 +0000 2018,0.0,0.845,0.155,-0.4019,Sat Apr 07 06:01:02 +0000 2018,0.109,0.891,0.0,-0.5773,Sun Apr 08 04:43:00 +0000 2018,0.116,0.884,0.0,-0.6124,Sat Apr 07 11:21:04 +0000 2018,0.161,0.839,0.0
114,0.0,Tue Apr 03 11:28:48 +0000 2018,0.0,1.0,0.0,0.0,Thu Feb 22 19:26:52 +0000 2018,0.0,1.0,0.0,0.34,Sat Apr 07 05:46:00 +0000 2018,0.0,0.912,0.088,-0.2023,Sun Apr 08 04:40:00 +0000 2018,0.218,0.648,0.134,0.0258,Sat Apr 07 11:02:03 +0000 2018,0.0,0.948,0.052
115,0.3612,Tue Apr 03 11:22:03 +0000 2018,0.0,0.884,0.116,0.0,Wed Feb 21 19:20:04 +0000 2018,0.0,1.0,0.0,0.6808,Sat Apr 07 05:31:06 +0000 2018,0.0,0.763,0.237,0.0,Sun Apr 08 04:34:00 +0000 2018,0.0,1.0,0.0,0.1531,Sat Apr 07 10:41:09 +0000 2018,0.0,0.929,0.071
116,-0.4215,Tue Apr 03 11:01:05 +0000 2018,0.118,0.882,0.0,0.6808,Wed Feb 21 18:19:25 +0000 2018,0.0,0.752,0.248,0.4404,Sat Apr 07 05:16:00 +0000 2018,0.0,0.83,0.17,0.7269,Sun Apr 08 04:30:00 +0000 2018,0.0,0.87,0.13,0.296,Sat Apr 07 10:25:01 +0000 2018,0.0,0.833,0.167
117,0.0,Tue Apr 03 10:55:48 +0000 2018,0.0,1.0,0.0,0.4404,Tue Feb 20 19:55:19 +0000 2018,0.0,0.884,0.116,-0.6486,Sat Apr 07 05:01:05 +0000 2018,0.301,0.699,0.0,-0.6688,Sun Apr 08 04:24:00 +0000 2018,0.193,0.807,0.0,-0.5994,Sat Apr 07 10:09:53 +0000 2018,0.38,0.62,0.0
118,0.3612,Tue Apr 03 10:46:40 +0000 2018,0.0,0.898,0.102,-0.4019,Tue Feb 20 17:58:18 +0000 2018,0.119,0.881,0.0,-0.9136,Sat Apr 07 04:46:03 +0000 2018,0.476,0.524,0.0,0.0,Sun Apr 08 04:20:00 +0000 2018,0.0,1.0,0.0,-0.765,Sat Apr 07 09:51:24 +0000 2018,0.524,0.476,0.0
119,0.4926,Tue Apr 03 10:31:13 +0000 2018,0.0,0.862,0.138,0.3612,Tue Feb 20 17:39:51 +0000 2018,0.0,0.878,0.122,0.0,Sat Apr 07 04:31:03 +0000 2018,0.0,1.0,0.0,-0.34,Sun Apr 08 04:15:00 +0000 2018,0.079,0.921,0.0,0.4588,Sat Apr 07 09:43:02 +0000 2018,0.107,0.692,0.201
120,0.0,Tue Apr 03 09:29:03 +0000 2018,0.0,1.0,0.0,0.6124,Sat Feb 17 01:07:20 +0000 2018,0.0,0.783,0.217,-0.3182,Sat Apr 07 04:16:01 +0000 2018,0.082,0.872,0.046,-0.128,Sun Apr 08 04:10:00 +0000 2018,0.107,0.823,0.07,-0.5423,Sat Apr 07 09:39:49 +0000 2018,0.226,0.774,0.0
121,-0.1027,Tue Apr 03 08:03:04 +0000 2018,0.113,0.785,0.102,0.3182,Fri Feb 16 18:42:43 +0000 2018,0.0,0.892,0.108,0.0,Sat Apr 07 04:02:18 +0000 2018,0.0,1.0,0.0,-0.802,Sun Apr 08 04:05:00 +0000 2018,0.375,0.625,0.0,-0.0516,Sat Apr 07 09:22:39 +0000 2018,0.112,0.787,0.101
122,0.7269,Tue Apr 03 07:16:07 +0000 2018,0.0,0.663,0.337,0.784,Fri Feb 16 17:48:20 +0000 2018,0.0,0.774,0.226,-0.4019,Sat Apr 07 03:46:01 +0000 2018,0.109,0.891,0.0,0.3818,Sun Apr 08 04:00:00 +0000 2018,0.0,0.885,0.115,-0.1531,Sat Apr 07 09:06:27 +0000 2018,0.275,0.493,0.232
123,0.0,Tue Apr 03 07:03:05 +0000 2018,0.0,1.0,0.0,0.8619,Wed Feb 14 19:23:27 +0000 2018,0.0,0.534,0.466,0.0,Sat Apr 07 03:31:04 +0000 2018,0.0,1.0,0.0,-0.7906,Sun Apr 08 03:51:00 +0000 2018,0.219,0.781,0.0,-0.4019,Sat Apr 07 08:56:48 +0000 2018,0.252,0.748,0.0
124,0.0,Mon Apr 02 20:02:08 +0000 2018,0.0,1.0,0.0,0.0,Tue Feb 13 20:03:56 +0000 2018,0.0,1.0,0.0,0.0,Sat Apr 07 03:16:02 +0000 2018,0.0,1.0,0.0,0.0,Sun Apr 08 03:45:00 +0000 2018,0.0,1.0,0.0,0.0,Sat Apr 07 08:38:04 +0000 2018,0.0,1.0,0.0
125,0.1531,Mon Apr 02 19:02:04 +0000 2018,0.0,0.935,0.065,0.7506,Tue Feb 13 18:54:52 +0000 2018,0.0,0.748,0.252,-0.765,Sat Apr 07 03:01:04 +0000 2018,0.306,0.694,0.0,0.7269,Sun Apr 08 03:40:00 +0000 2018,0.0,0.681,0.319,0.25,Sat Apr 07 08:17:36 +0000 2018,0.0,0.917,0.083
126,0.5423,Mon Apr 02 18:45:06 +0000 2018,0.0,0.837,0.163,0.0,Mon Feb 12 18:49:45 +0000 2018,0.0,1.0,0.0,0.0,Sat Apr 07 02:59:43 +0000 2018,0.0,1.0,0.0,-0.4215,Sun Apr 08 03:35:00 +0000 2018,0.104,0.896,0.0,0.4019,Sat Apr 07 07:58:42 +0000 2018,0.0,0.722,0.278
127,0.0,Mon Apr 02 17:08:03 +0000 2018,0.0,1.0,0.0,0.0,Mon Feb 12 01:32:33 +0000 2018,0.0,1.0,0.0,0.0,Sat Apr 07 02:46:06 +0000 2018,0.0,1.0,0.0,0.5707,Sun Apr 08 03:33:00 +0000 2018,0.0,0.876,0.124,-0.3804,Sat Apr 07 07:40:35 +0000 2018,0.245,0.755,0.0
128,-0.5574,Mon Apr 02 14:14:17 +0000 2018,0.184,0.816,0.0,0.8478,Fri Feb 09 00:50:01 +0000 2018,0.0,0.696,0.304,0.1779,Sat Apr 07 02:41:31 +0000 2018,0.0,0.939,0.061,-0.7506,Sun Apr 08 03:28:00 +0000 2018,0.447,0.467,0.087,-0.4588,Sat Apr 07 07:22:03 +0000 2018,0.232,0.655,0.113
129,0.4215,Mon Apr 02 13:32:07 +0000 2018,0.0,0.859,0.141,-0.5859,Thu Feb 08 16:09:35 +0000 2018,0.186,0.814,0.0,-0.7579,Sat Apr 07 02:31:03 +0000 2018,0.173,0.827,0.0,0.4019,Sun Apr 08 03:21:00 +0000 2018,0.0,0.787,0.213,0.0,Sat Apr 07 07:07:24 +0000 2018,0.0,1.0,0.0
130,0.0,Mon Apr 02 11:58:06 +0000 2018,0.0,1.0,0.0,0.0516,Wed Feb 07 18:35:19 +0000 2018,0.0,0.934,0.066,-0.5994,Sat Apr 07 02:21:06 +0000 2018,0.243,0.671,0.086,-0.9186,Sun Apr 08 03:14:00 +0000 2018,0.52,0.48,0.0,0.4033,Sat Apr 07 06:48:27 +0000 2018,0.0,0.747,0.253
131,0.2235,Mon Apr 02 11:07:00 +0000 2018,0.0,0.894,0.106,0.5983,Wed Feb 07 16:17:48 +0000 2018,0.111,0.652,0.238,-0.5859,Sat Apr 07 02:16:03 +0000 2018,0.217,0.691,0.092,-0.743,Sun Apr 08 03:07:00 +0000 2018,0.364,0.636,0.0,0.0,Sat Apr 07 06:34:11 +0000 2018,0.0,1.0,0.0
132,0.0,Mon Apr 02 10:02:06 +0000 2018,0.0,1.0,0.0,0.0,Tue Feb 06 22:21:39 +0000 2018,0.0,1.0,0.0,-0.1531,Sat Apr 07 02:11:06 +0000 2018,0.132,0.769,0.099,0.3182,Sun Apr 08 03:00:00 +0000 2018,0.0,0.913,0.087,0.3612,Sat Apr 07 06:17:02 +0000 2018,0.0,0.898,0.102
133,0.0,Mon Apr 02 09:03:04 +0000 2018,0.0,1.0,0.0,0.0772,Tue Feb 06 17:05:49 +0000 2018,0.106,0.773,0.121,0.4767,Sat Apr 07 02:06:06 +0000 2018,0.0,0.926,0.074,-0.5574,Sun Apr 08 02:51:10 +0000 2018,0.365,0.635,0.0,0.0,Sat Apr 07 05:56:52 +0000 2018,0.0,1.0,0.0
134,0.0,Mon Apr 02 08:16:56 +0000 2018,0.0,1.0,0.0,0.0,Sun Feb 04 15:35:36 +0000 2018,0.0,1.0,0.0,-0.5994,Sat Apr 07 02:01:04 +0000 2018,0.139,0.806,0.054,0.4588,Sun Apr 08 02:47:03 +0000 2018,0.0,0.667,0.333,0.1531,Sat Apr 07 05:38:47 +0000 2018,0.162,0.648,0.19
135,0.0,Mon Apr 02 08:14:23 +0000 2018,0.0,1.0,0.0,0.5267,Sun Feb 04 12:00:01 +0000 2018,0.0,0.845,0.155,-0.7269,Sat Apr 07 01:51:03 +0000 2018,0.183,0.776,0.042,-0.8519,Sun Apr 08 02:44:46 +0000 2018,0.43,0.57,0.0,-0.7003,Sat Apr 07 05:22:04 +0000 2018,0.272,0.641,0.087
136,-0.2263,Mon Apr 02 08:14:09 +0000 2018,0.101,0.899,0.0,0.3724,Sat Feb 03 23:11:43 +0000 2018,0.0,0.928,0.072,0.2023,Sat Apr 07 01:46:04 +0000 2018,0.0,0.927,0.073,-0.34,Sun Apr 08 02:38:18 +0000 2018,0.118,0.882,0.0,-0.4019,Sat Apr 07 04:55:29 +0000 2018,0.197,0.803,0.0
137,0.0,Mon Apr 02 08:13:54 +0000 2018,0.0,1.0,0.0,0.8858,Sat Feb 03 12:00:07 +0000 2018,0.0,0.659,0.341,0.0,Sat Apr 07 01:31:51 +0000 2018,0.0,1.0,0.0,0.0,Sun Apr 08 02:32:57 +0000 2018,0.0,1.0,0.0,0.0,Sat Apr 07 04:45:15 +0000 2018,0.0,1.0,0.0
138,0.9508,Mon Apr 02 08:08:05 +0000 2018,0.0,0.615,0.385,-0.0772,Fri Feb 02 22:36:13 +0000 2018,0.075,0.925,0.0,0.128,Sat Apr 07 01:22:04 +0000 2018,0.116,0.741,0.143,0.0,Sun Apr 08 02:27:37 +0000 2018,0.0,1.0,0.0,-0.6808,Sat Apr 07 04:27:06 +0000 2018,0.211,0.789,0.0
139,0.0,Mon Apr 02 08:02:00 +0000 2018,0.0,1.0,0.0,0.4574,Fri Feb 02 20:07:40 +0000 2018,0.0,0.897,0.103,0.0,Sat Apr 07 01:16:06 +0000 2018,0.0,1.0,0.0,0.0,Sun Apr 08 02:21:54 +0000 2018,0.0,1.0,0.0,0.0,Sat Apr 07 04:09:22 +0000 2018,0.0,1.0,0.0
140,-0.2732,Mon Apr 02 07:26:06 +0000 2018,0.14,0.86,0.0,0.4003,Fri Feb 02 19:03:33 +0000 2018,0.0,0.876,0.124,0.0,Sat Apr 07 01:03:02 +0000 2018,0.0,1.0,0.0,-0.1027,Sun Apr 08 02:14:52 +0000 2018,0.126,0.769,0.104,0.5574,Sat Apr 07 04:03:38 +0000 2018,0.0,0.735,0.265
141,0.0,Sun Apr 01 20:38:27 +0000 2018,0.0,1.0,0.0,0.4199,Fri Feb 02 17:23:18 +0000 2018,0.071,0.801,0.128,0.6908,Sat Apr 07 00:57:14 +0000 2018,0.0,0.898,0.102,0.4767,Sun Apr 08 02:09:37 +0000 2018,0.0,0.78,0.22,0.4019,Sat Apr 07 04:02:02 +0000 2018,0.0,0.932,0.068
142,-0.91,Sun Apr 01 19:00:28 +0000 2018,0.333,0.667,0.0,0.0,Thu Feb 01 22:04:41 +0000 2018,0.0,1.0,0.0,0.6369,Sat Apr 07 00:47:33 +0000 2018,0.0,0.848,0.152,-0.2023,Sun Apr 08 02:04:56 +0000 2018,0.265,0.53,0.205,0.7096,Sat Apr 07 03:47:02 +0000 2018,0.0,0.688,0.312
143,0.8832,Sun Apr 01 18:00:27 +0000 2018,0.0,0.724,0.276,0.0,Thu Feb 01 20:09:49 +0000 2018,0.0,1.0,0.0,-0.3818,Sat Apr 07 00:43:42 +0000 2018,0.115,0.885,0.0,0.4767,Sun Apr 08 01:56:04 +0000 2018,0.06,0.765,0.175,0.4069,Sat Apr 07 03:33:01 +0000 2018,0.1,0.779,0.121
144,0.6114,Sun Apr 01 17:42:22 +0000 2018,0.0,0.637,0.363,0.1139,Wed Jan 31 21:42:15 +0000 2018,0.0,0.947,0.053,0.4215,Sat Apr 07 00:33:04 +0000 2018,0.064,0.811,0.125,0.0,Sun Apr 08 01:50:43 +0000 2018,0.0,1.0,0.0,0.0,Sat Apr 07 03:25:24 +0000 2018,0.0,1.0,0.0
145,0.6369,Sun Apr 01 17:00:26 +0000 2018,0.0,0.704,0.296,0.1007,Wed Jan 31 17:05:47 +0000 2018,0.115,0.75,0.135,0.128,Sat Apr 07 00:30:16 +0000 2018,0.101,0.782,0.117,0.6705,Sun Apr 08 01:39:43 +0000 2018,0.0,0.735,0.265,0.0,Sat Apr 07 03:17:02 +0000 2018,0.0,1.0,0.0
146,0.0,Sun Apr 01 16:03:03 +0000 2018,0.0,1.0,0.0,0.2023,Wed Jan 31 16:37:17 +0000 2018,0.159,0.686,0.154,0.6808,Sat Apr 07 00:27:25 +0000 2018,0.0,0.763,0.237,0.0,Sun Apr 08 01:33:03 +0000 2018,0.0,1.0,0.0,-0.0258,Sat Apr 07 03:02:04 +0000 2018,0.198,0.607,0.195
147,0.5719,Sun Apr 01 15:00:26 +0000 2018,0.0,0.734,0.266,0.9324,Wed Jan 31 06:55:30 +0000 2018,0.054,0.569,0.376,0.0258,Sat Apr 07 00:25:01 +0000 2018,0.0,0.942,0.058,0.6124,Sun Apr 08 01:24:39 +0000 2018,0.033,0.841,0.126,0.0,Sat Apr 07 02:47:08 +0000 2018,0.0,1.0,0.0
148,0.0,Sun Apr 01 14:48:39 +0000 2018,0.0,1.0,0.0,-0.2263,Wed Jan 31 02:15:16 +0000 2018,0.252,0.569,0.179,0.0,Sat Apr 07 00:19:00 +0000 2018,0.073,0.882,0.045,0.34,Sun Apr 08 01:18:38 +0000 2018,0.0,0.821,0.179,0.1154,Sat Apr 07 02:32:05 +0000 2018,0.0,0.938,0.062
149,0.0,Sun Apr 01 14:47:16 +0000 2018,0.0,1.0,0.0,-0.4767,Wed Jan 31 01:58:40 +0000 2018,0.256,0.744,0.0,0.0258,Sat Apr 07 00:17:03 +0000 2018,0.064,0.868,0.068,-0.2023,Sun Apr 08 01:15:59 +0000 2018,0.218,0.648,0.134,0.4404,Sat Apr 07 02:15:08 +0000 2018,0.0,0.906,0.094
150,0.7717,Sun Apr 01 12:19:34 +0000 2018,0.0,0.758,0.242,0.4939,Wed Jan 31 01:52:46 +0000 2018,0.119,0.625,0.256,0.2263,Sat Apr 07 00:16:05 +0000 2018,0.092,0.754,0.154,-0.0772,Sun Apr 08 01:10:24 +0000 2018,0.086,0.858,0.056,-0.1531,Sat Apr 07 02:02:06 +0000 2018,0.068,0.932,0.0
151,0.0,Sun Apr 01 12:14:27 +0000 2018,0.0,1.0,0.0,0.5093,Wed Jan 31 01:49:43 +0000 2018,0.0,0.82,0.18,0.4215,Sat Apr 07 00:15:49 +0000 2018,0.043,0.828,0.129,-0.9313,Sun Apr 08 01:09:35 +0000 2018,0.389,0.611,0.0,0.0,Sat Apr 07 01:47:03 +0000 2018,0.0,1.0,0.0
152,0.0,Sun Apr 01 12:00:24 +0000 2018,0.0,1.0,0.0,0.8261,Wed Jan 31 01:31:27 +0000 2018,0.0,0.566,0.434,0.0516,Sat Apr 07 00:07:04 +0000 2018,0.145,0.701,0.154,0.0,Sun Apr 08 01:06:22 +0000 2018,0.0,1.0,0.0,-0.6124,Sat Apr 07 01:33:04 +0000 2018,0.161,0.839,0.0
153,0.0,Sun Apr 01 11:23:47 +0000 2018,0.0,1.0,0.0,0.8309,Wed Jan 31 01:29:10 +0000 2018,0.0,0.586,0.414,0.0,Sat Apr 07 00:04:08 +0000 2018,0.0,1.0,0.0,-0.4215,Sun Apr 08 00:55:47 +0000 2018,0.097,0.903,0.0,0.7096,Sat Apr 07 01:17:02 +0000 2018,0.0,0.796,0.204
154,0.0,Sun Apr 01 11:19:57 +0000 2018,0.0,1.0,0.0,0.6588,Wed Jan 31 01:24:16 +0000 2018,0.0,0.614,0.386,0.5574,Sat Apr 07 00:03:33 +0000 2018,0.0,0.796,0.204,0.7269,Sun Apr 08 00:52:52 +0000 2018,0.0,0.87,0.13,0.0,Sat Apr 07 01:02:07 +0000 2018,0.0,1.0,0.0
155,0.0,Sun Apr 01 11:18:20 +0000 2018,0.0,1.0,0.0,-0.5106,Wed Jan 31 01:18:37 +0000 2018,0.398,0.602,0.0,-0.128,Fri Apr 06 23:58:21 +0000 2018,0.038,0.962,0.0,-0.34,Sun Apr 08 00:46:27 +0000 2018,0.077,0.877,0.046,0.0,Sat Apr 07 00:47:03 +0000 2018,0.0,1.0,0.0
156,0.8083,Sun Apr 01 11:04:05 +0000 2018,0.0,0.711,0.289,0.0,Wed Jan 31 01:17:37 +0000 2018,0.0,1.0,0.0,-0.743,Fri Apr 06 23:53:02 +0000 2018,0.179,0.786,0.035,-0.5106,Sun Apr 08 00:39:36 +0000 2018,0.32,0.68,0.0,0.1531,Sat Apr 07 00:32:05 +0000 2018,0.162,0.648,0.19
157,0.1695,Sun Apr 01 10:37:30 +0000 2018,0.0,0.915,0.085,0.7525,Wed Jan 31 01:16:15 +0000 2018,0.0,0.669,0.331,-0.6486,Fri Apr 06 23:47:59 +0000 2018,0.301,0.699,0.0,-0.8519,Sun Apr 08 00:34:35 +0000 2018,0.399,0.601,0.0,0.0,Sat Apr 07 00:17:02 +0000 2018,0.0,1.0,0.0
158,0.4404,Sun Apr 01 10:27:03 +0000 2018,0.0,0.828,0.172,0.0,Wed Jan 31 01:08:01 +0000 2018,0.0,1.0,0.0,0.0,Fri Apr 06 23:41:21 +0000 2018,0.0,1.0,0.0,0.3818,Sun Apr 08 00:32:59 +0000 2018,0.0,0.867,0.133,0.5423,Sat Apr 07 00:02:02 +0000 2018,0.097,0.674,0.228
159,0.6705,Sun Apr 01 10:03:08 +0000 2018,0.0,0.784,0.216,0.8516,Wed Jan 31 01:04:34 +0000 2018,0.0,0.42,0.58,0.0,Fri Apr 06 23:25:17 +0000 2018,0.0,1.0,0.0,-0.1027,Sun Apr 08 00:27:16 +0000 2018,0.126,0.769,0.104,-0.4588,Fri Apr 06 23:47:06 +0000 2018,0.14,0.805,0.055
160,0.6705,Sun Apr 01 09:24:05 +0000 2018,0.0,0.814,0.186,0.908,Wed Jan 31 01:00:35 +0000 2018,0.0,0.678,0.322,0.4019,Fri Apr 06 23:23:45 +0000 2018,0.0,0.876,0.124,0.7351,Sun Apr 08 00:20:21 +0000 2018,0.0,0.837,0.163,0.0,Fri Apr 06 23:32:05 +0000 2018,0.0,1.0,0.0
161,0.8126,Sun Apr 01 08:32:07 +0000 2018,0.0,0.288,0.712,0.954,Wed Jan 31 00:55:04 +0000 2018,0.0,0.676,0.324,-0.3182,Fri Apr 06 23:23:36 +0000 2018,0.173,0.827,0.0,-0.1779,Sun Apr 08 00:14:46 +0000 2018,0.137,0.742,0.121,0.0,Fri Apr 06 23:16:04 +0000 2018,0.0,1.0,0.0
162,0.3947,Sat Mar 31 21:15:00 +0000 2018,0.0,0.887,0.113,0.5994,Wed Jan 31 00:37:20 +0000 2018,0.0,0.843,0.157,0.0,Fri Apr 06 23:15:08 +0000 2018,0.0,1.0,0.0,0.34,Sun Apr 08 00:11:48 +0000 2018,0.0,0.909,0.091,0.5499,Fri Apr 06 23:06:02 +0000 2018,0.065,0.776,0.159
163,-0.1511,Sat Mar 31 20:42:07 +0000 2018,0.109,0.891,0.0,0.8908,Wed Jan 31 00:11:53 +0000 2018,0.0,0.718,0.282,0.223,Fri Apr 06 23:07:50 +0000 2018,0.053,0.869,0.078,0.8316,Sun Apr 08 00:07:34 +0000 2018,0.0,0.783,0.217,0.0,Fri Apr 06 22:56:06 +0000 2018,0.0,1.0,0.0
164,0.5719,Sat Mar 31 18:37:18 +0000 2018,0.0,0.802,0.198,0.9661,Tue Jan 30 23:35:01 +0000 2018,0.0,0.655,0.345,0.0,Fri Apr 06 22:59:43 +0000 2018,0.0,1.0,0.0,0.5707,Sun Apr 08 00:03:00 +0000 2018,0.0,0.876,0.124,-0.6705,Fri Apr 06 22:43:05 +0000 2018,0.234,0.766,0.0
165,0.5574,Sat Mar 31 18:02:02 +0000 2018,0.0,0.813,0.187,0.923,Tue Jan 30 21:19:22 +0000 2018,0.0,0.774,0.226,0.4404,Fri Apr 06 22:58:00 +0000 2018,0.0,0.86,0.14,0.2732,Sun Apr 08 00:00:12 +0000 2018,0.0,0.826,0.174,0.0,Fri Apr 06 22:32:06 +0000 2018,0.0,1.0,0.0
166,-0.2023,Sat Mar 31 17:09:06 +0000 2018,0.125,0.739,0.136,0.9215,Tue Jan 30 18:46:04 +0000 2018,0.0,0.697,0.303,0.7783,Fri Apr 06 22:55:15 +0000 2018,0.0,0.786,0.214,0.0,Sat Apr 07 23:56:20 +0000 2018,0.0,1.0,0.0,0.3612,Fri Apr 06 22:17:05 +0000 2018,0.0,0.902,0.098
167,0.0,Sat Mar 31 16:31:15 +0000 2018,0.0,1.0,0.0,0.6705,Tue Jan 30 16:00:02 +0000 2018,0.0,0.87,0.13,-0.4404,Fri Apr 06 22:50:11 +0000 2018,0.153,0.847,0.0,-0.7096,Sat Apr 07 23:52:13 +0000 2018,0.457,0.543,0.0,0.0258,Fri Apr 06 22:02:03 +0000 2018,0.129,0.737,0.134
168,0.0,Sat Mar 31 16:15:07 +0000 2018,0.0,1.0,0.0,0.5994,Tue Jan 30 04:03:31 +0000 2018,0.0,0.865,0.135,0.0,Fri Apr 06 22:39:46 +0000 2018,0.0,1.0,0.0,0.4767,Sat Apr 07 23:50:14 +0000 2018,0.0,0.78,0.22,-0.3415,Fri Apr 06 21:47:08 +0000 2018,0.158,0.76,0.082
169,0.0,Sat Mar 31 15:43:37 +0000 2018,0.0,1.0,0.0,0.6908,Tue Jan 30 03:17:51 +0000 2018,0.0,0.814,0.186,-0.4404,Fri Apr 06 22:38:07 +0000 2018,0.146,0.854,0.0,-0.7003,Sat Apr 07 23:39:58 +0000 2018,0.326,0.674,0.0,0.0,Fri Apr 06 21:32:03 +0000 2018,0.0,1.0,0.0
170,0.765,Sat Mar 31 15:42:42 +0000 2018,0.0,0.663,0.337,0.0,Tue Jan 30 02:12:15 +0000 2018,0.0,1.0,0.0,-0.6369,Fri Apr 06 22:29:14 +0000 2018,0.181,0.819,0.0,-0.34,Sat Apr 07 23:38:52 +0000 2018,0.098,0.902,0.0,0.4019,Fri Apr 06 21:15:05 +0000 2018,0.0,0.932,0.068
171,-0.3612,Sat Mar 31 15:42:08 +0000 2018,0.143,0.857,0.0,-0.296,Tue Jan 30 01:29:06 +0000 2018,0.087,0.913,0.0,0.4404,Fri Apr 06 22:21:20 +0000 2018,0.0,0.86,0.14,-0.296,Sat Apr 07 23:36:08 +0000 2018,0.155,0.845,0.0,0.0,Fri Apr 06 21:05:02 +0000 2018,0.0,1.0,0.0
172,0.128,Sat Mar 31 13:01:05 +0000 2018,0.152,0.662,0.185,0.0,Tue Jan 30 00:11:05 +0000 2018,0.0,1.0,0.0,-0.6908,Fri Apr 06 22:18:37 +0000 2018,0.305,0.695,0.0,0.128,Sat Apr 07 23:33:42 +0000 2018,0.118,0.739,0.143,-0.4588,Fri Apr 06 20:55:02 +0000 2018,0.232,0.655,0.113
173,0.0,Sat Mar 31 12:31:02 +0000 2018,0.0,1.0,0.0,0.3818,Mon Jan 29 22:45:21 +0000 2018,0.0,0.923,0.077,0.4404,Fri Apr 06 22:07:07 +0000 2018,0.0,0.86,0.14,-0.3182,Sat Apr 07 23:25:00 +0000 2018,0.305,0.457,0.239,0.0,Fri Apr 06 20:45:03 +0000 2018,0.0,1.0,0.0
174,-0.3404,Sat Mar 31 11:50:05 +0000 2018,0.179,0.821,0.0,0.5093,Mon Jan 29 22:10:15 +0000 2018,0.072,0.782,0.146,0.4939,Fri Apr 06 22:02:55 +0000 2018,0.0,0.89,0.11,-0.4019,Sat Apr 07 23:19:00 +0000 2018,0.24,0.645,0.115,-0.8271,Fri Apr 06 20:32:06 +0000 2018,0.268,0.732,0.0
175,0.1779,Sat Mar 31 11:28:03 +0000 2018,0.0,0.638,0.362,0.0,Mon Jan 29 20:00:04 +0000 2018,0.0,1.0,0.0,-0.6705,Fri Apr 06 21:48:21 +0000 2018,0.143,0.857,0.0,0.5707,Sat Apr 07 23:14:00 +0000 2018,0.0,0.871,0.129,-0.7717,Fri Apr 06 20:19:04 +0000 2018,0.242,0.758,0.0
176,-0.6351,Sat Mar 31 11:26:30 +0000 2018,0.18,0.82,0.0,0.7783,Mon Jan 29 19:00:05 +0000 2018,0.0,0.755,0.245,-0.6369,Fri Apr 06 21:45:40 +0000 2018,0.181,0.819,0.0,-0.5859,Sat Apr 07 23:10:16 +0000 2018,0.27,0.615,0.115,0.0,Fri Apr 06 20:15:05 +0000 2018,0.0,1.0,0.0
177,0.7579,Sat Mar 31 10:37:23 +0000 2018,0.0,0.745,0.255,0.9259,Mon Jan 29 18:00:02 +0000 2018,0.0,0.558,0.442,0.0,Fri Apr 06 21:38:54 +0000 2018,0.0,1.0,0.0,0.4939,Sat Apr 07 23:03:15 +0000 2018,0.0,0.789,0.211,0.7269,Fri Apr 06 20:00:13 +0000 2018,0.0,0.643,0.357
178,0.93,Sat Mar 31 10:37:18 +0000 2018,0.0,0.42,0.58,0.0,Mon Jan 29 17:15:04 +0000 2018,0.0,1.0,0.0,-0.5423,Fri Apr 06 21:37:51 +0000 2018,0.163,0.837,0.0,-0.128,Sat Apr 07 22:51:34 +0000 2018,0.201,0.618,0.181,0.0,Fri Apr 06 19:51:30 +0000 2018,0.0,1.0,0.0
179,0.0,Sat Mar 31 10:27:04 +0000 2018,0.0,1.0,0.0,0.5562,Mon Jan 29 16:00:05 +0000 2018,0.0,0.841,0.159,-0.1531,Fri Apr 06 21:25:09 +0000 2018,0.132,0.769,0.099,-0.34,Sat Apr 07 22:45:36 +0000 2018,0.118,0.882,0.0,-0.25,Fri Apr 06 19:45:05 +0000 2018,0.136,0.805,0.059
180,0.6369,Sat Mar 31 09:04:03 +0000 2018,0.0,0.802,0.198,0.1531,Mon Jan 29 15:00:03 +0000 2018,0.0,0.926,0.074,-0.8807,Fri Apr 06 21:18:25 +0000 2018,0.289,0.711,0.0,-0.5423,Sat Apr 07 22:41:10 +0000 2018,0.2,0.8,0.0,-0.6705,Fri Apr 06 19:30:18 +0000 2018,0.159,0.841,0.0
181,0.0,Sat Mar 31 08:04:03 +0000 2018,0.0,1.0,0.0,0.3182,Mon Jan 29 14:00:02 +0000 2018,0.119,0.751,0.13,0.0,Fri Apr 06 21:06:05 +0000 2018,0.0,1.0,0.0,-0.9186,Sat Apr 07 22:33:33 +0000 2018,0.52,0.48,0.0,-0.4939,Fri Apr 06 19:15:03 +0000 2018,0.151,0.849,0.0
182,0.0,Sat Mar 31 07:03:06 +0000 2018,0.0,1.0,0.0,0.6597,Mon Jan 29 13:00:01 +0000 2018,0.0,0.722,0.278,0.0,Fri Apr 06 21:01:32 +0000 2018,0.0,1.0,0.0,-0.34,Sat Apr 07 22:26:04 +0000 2018,0.211,0.789,0.0,-0.34,Fri Apr 06 19:02:54 +0000 2018,0.088,0.912,0.0
183,-0.5255,Fri Mar 30 20:23:06 +0000 2018,0.134,0.866,0.0,0.2003,Mon Jan 29 12:00:03 +0000 2018,0.073,0.828,0.099,-0.0258,Fri Apr 06 21:01:04 +0000 2018,0.159,0.688,0.153,-0.1531,Sat Apr 07 22:23:26 +0000 2018,0.078,0.922,0.0,0.0,Fri Apr 06 19:00:18 +0000 2018,0.0,1.0,0.0
184,-0.3182,Fri Mar 30 19:00:32 +0000 2018,0.277,0.723,0.0,0.4574,Mon Jan 29 08:18:18 +0000 2018,0.0,0.921,0.079,0.0,Fri Apr 06 20:53:04 +0000 2018,0.0,1.0,0.0,-0.296,Sat Apr 07 22:16:25 +0000 2018,0.155,0.845,0.0,0.2776,Fri Apr 06 18:45:04 +0000 2018,0.059,0.837,0.104
185,0.6369,Fri Mar 30 18:41:56 +0000 2018,0.0,0.781,0.219,0.5719,Mon Jan 29 07:40:26 +0000 2018,0.0,0.73,0.27,0.0,Fri Apr 06 20:52:05 +0000 2018,0.0,1.0,0.0,0.7269,Sat Apr 07 22:09:18 +0000 2018,0.0,0.643,0.357,0.0,Fri Apr 06 18:30:16 +0000 2018,0.0,1.0,0.0
186,-0.5983,Fri Mar 30 18:01:02 +0000 2018,0.196,0.804,0.0,0.3612,Mon Jan 29 07:25:04 +0000 2018,0.0,0.902,0.098,0.0,Fri Apr 06 20:48:09 +0000 2018,0.0,1.0,0.0,-0.7579,Sat Apr 07 22:01:26 +0000 2018,0.394,0.606,0.0,0.0,Fri Apr 06 18:20:03 +0000 2018,0.0,1.0,0.0
187,0.4404,Fri Mar 30 17:29:06 +0000 2018,0.0,0.917,0.083,0.7506,Mon Jan 29 07:01:01 +0000 2018,0.0,0.714,0.286,-0.5574,Fri Apr 06 20:47:07 +0000 2018,0.135,0.865,0.0,0.0,Sat Apr 07 21:53:49 +0000 2018,0.0,1.0,0.0,-0.5574,Fri Apr 06 18:19:13 +0000 2018,0.141,0.859,0.0
188,0.0,Fri Mar 30 17:06:00 +0000 2018,0.0,1.0,0.0,0.5719,Mon Jan 29 06:15:02 +0000 2018,0.0,0.734,0.266,0.4404,Fri Apr 06 20:34:47 +0000 2018,0.0,0.906,0.094,0.4404,Sat Apr 07 21:53:17 +0000 2018,0.0,0.828,0.172,0.2023,Fri Apr 06 18:10:05 +0000 2018,0.093,0.784,0.123
189,0.5719,Fri Mar 30 16:26:45 +0000 2018,0.0,0.734,0.266,0.0,Mon Jan 29 05:34:44 +0000 2018,0.0,1.0,0.0,0.0,Fri Apr 06 20:24:06 +0000 2018,0.0,1.0,0.0,0.7184,Sat Apr 07 21:50:00 +0000 2018,0.0,0.684,0.316,-0.4767,Fri Apr 06 18:00:10 +0000 2018,0.134,0.774,0.092
190,-0.2144,Fri Mar 30 16:02:04 +0000 2018,0.111,0.819,0.07,0.6369,Mon Jan 29 04:19:55 +0000 2018,0.0,0.9,0.1,0.0258,Fri Apr 06 20:22:52 +0000 2018,0.138,0.718,0.144,-0.4767,Sat Apr 07 21:45:00 +0000 2018,0.194,0.806,0.0,-0.8658,Fri Apr 06 17:45:07 +0000 2018,0.217,0.783,0.0
191,0.8715,Fri Mar 30 15:25:47 +0000 2018,0.0,0.623,0.377,0.9312,Mon Jan 29 04:12:46 +0000 2018,0.034,0.624,0.343,-0.7506,Fri Apr 06 20:15:39 +0000 2018,0.198,0.802,0.0,0.6249,Sat Apr 07 21:40:00 +0000 2018,0.0,0.687,0.313,0.807,Fri Apr 06 17:35:06 +0000 2018,0.0,0.717,0.283
192,0.0,Fri Mar 30 15:10:56 +0000 2018,0.0,1.0,0.0,0.7959,Mon Jan 29 04:10:47 +0000 2018,0.0,0.717,0.283,-0.7684,Fri Apr 06 20:12:05 +0000 2018,0.21,0.79,0.0,0.6597,Sat Apr 07 21:33:26 +0000 2018,0.0,0.779,0.221,-0.6249,Fri Apr 06 17:25:09 +0000 2018,0.091,0.909,0.0
193,0.2023,Fri Mar 30 14:54:01 +0000 2018,0.0,0.945,0.055,0.5859,Mon Jan 29 03:58:49 +0000 2018,0.0,0.513,0.487,0.4215,Fri Apr 06 20:02:53 +0000 2018,0.073,0.772,0.156,0.3182,Sat Apr 07 21:31:00 +0000 2018,0.0,0.94,0.06,0.0,Fri Apr 06 17:10:07 +0000 2018,0.0,1.0,0.0
194,0.5859,Fri Mar 30 13:05:00 +0000 2018,0.0,0.759,0.241,0.6696,Mon Jan 29 03:55:24 +0000 2018,0.0,0.848,0.152,0.0,Fri Apr 06 20:01:38 +0000 2018,0.0,1.0,0.0,-0.8979,Sat Apr 07 21:29:15 +0000 2018,0.365,0.635,0.0,0.0,Fri Apr 06 16:55:02 +0000 2018,0.0,1.0,0.0
195,0.4574,Fri Mar 30 12:04:01 +0000 2018,0.0,0.917,0.083,-0.34,Mon Jan 29 03:55:20 +0000 2018,0.112,0.888,0.0,0.7003,Fri Apr 06 19:56:26 +0000 2018,0.0,0.876,0.124,-0.7964,Sat Apr 07 21:25:46 +0000 2018,0.384,0.616,0.0,-0.8126,Fri Apr 06 16:40:08 +0000 2018,0.296,0.704,0.0
196,0.4574,Fri Mar 30 10:39:54 +0000 2018,0.09,0.697,0.213,0.0572,Mon Jan 29 03:53:06 +0000 2018,0.062,0.864,0.073,0.0,Fri Apr 06 19:52:06 +0000 2018,0.0,1.0,0.0,-0.5859,Sat Apr 07 21:25:36 +0000 2018,0.27,0.615,0.115,0.0,Fri Apr 06 16:25:06 +0000 2018,0.0,1.0,0.0
197,0.0,Fri Mar 30 10:33:02 +0000 2018,0.0,1.0,0.0,0.6114,Mon Jan 29 03:50:25 +0000 2018,0.0,0.688,0.312,-0.5719,Fri Apr 06 19:46:54 +0000 2018,0.129,0.871,0.0,0.7553,Sat Apr 07 21:17:57 +0000 2018,0.04,0.784,0.176,0.0,Fri Apr 06 16:17:06 +0000 2018,0.0,1.0,0.0
198,0.25,Fri Mar 30 10:03:04 +0000 2018,0.0,0.926,0.074,0.5994,Mon Jan 29 03:49:19 +0000 2018,0.0,0.606,0.394,0.0,Fri Apr 06 19:32:46 +0000 2018,0.0,1.0,0.0,-0.6688,Sat Apr 07 21:12:53 +0000 2018,0.193,0.807,0.0,0.0,Fri Apr 06 16:12:51 +0000 2018,0.0,1.0,0.0
199,0.4404,Fri Mar 30 09:06:02 +0000 2018,0.0,0.884,0.116,0.4588,Mon Jan 29 03:46:27 +0000 2018,0.0,0.727,0.273,0.0,Fri Apr 06 19:17:52 +0000 2018,0.0,1.0,0.0,-0.3612,Sat Apr 07 21:11:08 +0000 2018,0.102,0.898,0.0,0.2944,Fri Apr 06 15:55:02 +0000 2018,0.058,0.834,0.108
