,BBC_compound,BBC_dtime,BBC_neg,BBC_neu,BBC_pos,CBS_compound,CBS_dtime,CBS_neg,CBS_neu,CBS_pos,CNN_compound,CNN_dtime,CNN_neg,CNN_neu,CNN_pos,Fox_compound,Fox_dtime,Fox_neg,Fox_neu,Fox_pos,NYTimes_compound,NYTimes_dtime,NYTimes_neg,NYTimes_neu,NYTimes_pos,tago
199,0.0,Wed Mar 28 13:32:04 +0000 2018,0.0,1.0,0.0,0.0,Mon Jan 29 03:27:04 +0000 2018,0.0,1.0,0.0,-0.128,Thu Apr 05 22:29:11 +0000 2018,0.091,0.909,0.0,0.0,Fri Apr 06 00:26:33 +0000 2018,0.0,1.0,0.0,0.0,Thu Apr 05 07:57:47 +0000 2018,0.0,1.0,0.0,-199
198,0.7506,Wed Mar 28 15:35:27 +0000 2018,0.0,0.72,0.28,0.5859,Mon Jan 29 03:34:36 +0000 2018,0.0,0.817,0.183,-0.3626,Thu Apr 05 22:37:38 +0000 2018,0.098,0.902,0.0,0.6318,Fri Apr 06 00:32:58 +0000 2018,0.07,0.759,0.171,-0.5719,Thu Apr 05 08:16:01 +0000 2018,0.117,0.883,0.0,-198
197,0.0,Wed Mar 28 16:00:10 +0000 2018,0.0,1.0,0.0,0.0,Mon Jan 29 03:37:27 +0000 2018,0.0,1.0,0.0,0.5574,Thu Apr 05 22:44:50 +0000 2018,0.082,0.744,0.174,0.6908,Fri Apr 06 00:34:12 +0000 2018,0.097,0.564,0.338,-0.5994,Thu Apr 05 08:30:06 +0000 2018,0.206,0.794,0.0,-197
196,-0.8977,Wed Mar 28 16:30:00 +0000 2018,0.291,0.709,0.0,0.6696,Mon Jan 29 03:37:35 +0000 2018,0.0,0.522,0.478,-0.7717,Thu Apr 05 22:51:07 +0000 2018,0.271,0.729,0.0,0.0,Fri Apr 06 00:39:40 +0000 2018,0.0,1.0,0.0,-0.7184,Thu Apr 05 08:44:03 +0000 2018,0.207,0.793,0.0,-196
195,-0.34,Wed Mar 28 17:00:12 +0000 2018,0.117,0.812,0.071,0.8118,Mon Jan 29 03:45:43 +0000 2018,0.0,0.757,0.243,0.0,Thu Apr 05 22:52:53 +0000 2018,0.0,1.0,0.0,-0.5106,Fri Apr 06 00:51:28 +0000 2018,0.216,0.784,0.0,0.0258,Thu Apr 05 09:00:10 +0000 2018,0.0,0.932,0.068,-195
194,0.0,Wed Mar 28 18:00:05 +0000 2018,0.0,1.0,0.0,0.4588,Mon Jan 29 03:46:27 +0000 2018,0.0,0.727,0.273,-0.0772,Thu Apr 05 22:58:53 +0000 2018,0.067,0.877,0.056,-0.4215,Fri Apr 06 00:56:56 +0000 2018,0.275,0.725,0.0,-0.3612,Thu Apr 05 09:14:02 +0000 2018,0.113,0.825,0.062,-194
193,0.0,Thu Mar 29 07:00:10 +0000 2018,0.0,1.0,0.0,0.5994,Mon Jan 29 03:49:19 +0000 2018,0.0,0.606,0.394,0.0,Thu Apr 05 23:06:01 +0000 2018,0.0,1.0,0.0,0.0,Fri Apr 06 01:04:10 +0000 2018,0.0,1.0,0.0,0.0,Thu Apr 05 09:30:15 +0000 2018,0.0,1.0,0.0,-193
192,0.0,Thu Mar 29 07:27:07 +0000 2018,0.0,1.0,0.0,0.6114,Mon Jan 29 03:50:25 +0000 2018,0.0,0.688,0.312,0.0,Thu Apr 05 23:16:22 +0000 2018,0.0,1.0,0.0,-0.802,Fri Apr 06 01:23:58 +0000 2018,0.507,0.493,0.0,0.4215,Thu Apr 05 09:45:06 +0000 2018,0.0,0.926,0.074,-192
191,0.784,Thu Mar 29 08:00:12 +0000 2018,0.0,0.655,0.345,0.0572,Mon Jan 29 03:53:06 +0000 2018,0.062,0.864,0.073,0.0,Thu Apr 05 23:17:05 +0000 2018,0.0,1.0,0.0,-0.7353,Fri Apr 06 01:32:38 +0000 2018,0.154,0.846,0.0,0.0,Thu Apr 05 10:00:10 +0000 2018,0.0,1.0,0.0,-191
190,0.6908,Thu Mar 29 10:18:02 +0000 2018,0.0,0.769,0.231,-0.34,Mon Jan 29 03:55:20 +0000 2018,0.112,0.888,0.0,-0.296,Thu Apr 05 23:27:55 +0000 2018,0.075,0.925,0.0,0.0,Fri Apr 06 01:47:13 +0000 2018,0.0,1.0,0.0,0.0,Thu Apr 05 10:10:04 +0000 2018,0.0,1.0,0.0,-190
189,-0.6249,Thu Mar 29 11:00:21 +0000 2018,0.283,0.598,0.12,0.6696,Mon Jan 29 03:55:24 +0000 2018,0.0,0.848,0.152,0.0258,Thu Apr 05 23:30:26 +0000 2018,0.089,0.819,0.092,0.5267,Fri Apr 06 01:57:18 +0000 2018,0.0,0.868,0.132,0.0,Thu Apr 05 10:20:06 +0000 2018,0.0,1.0,0.0,-189
188,0.8268,Thu Mar 29 12:31:03 +0000 2018,0.0,0.722,0.278,0.5859,Mon Jan 29 03:58:49 +0000 2018,0.0,0.513,0.487,-0.6249,Thu Apr 05 23:36:03 +0000 2018,0.221,0.779,0.0,-0.34,Fri Apr 06 02:08:28 +0000 2018,0.175,0.825,0.0,0.0196,Thu Apr 05 10:30:04 +0000 2018,0.166,0.642,0.192,-188
187,0.0,Thu Mar 29 14:07:48 +0000 2018,0.0,1.0,0.0,0.7959,Mon Jan 29 04:10:47 +0000 2018,0.0,0.717,0.283,0.0,Thu Apr 05 23:42:13 +0000 2018,0.0,1.0,0.0,-0.34,Fri Apr 06 02:13:59 +0000 2018,0.231,0.769,0.0,0.0,Thu Apr 05 10:35:25 +0000 2018,0.0,1.0,0.0,-187
186,0.0,Thu Mar 29 14:21:11 +0000 2018,0.0,1.0,0.0,0.9312,Mon Jan 29 04:12:46 +0000 2018,0.034,0.624,0.343,-0.5009,Thu Apr 05 23:49:18 +0000 2018,0.178,0.822,0.0,0.0,Fri Apr 06 02:20:49 +0000 2018,0.0,1.0,0.0,-0.25,Thu Apr 05 10:45:07 +0000 2018,0.215,0.65,0.134,-186
185,0.0,Thu Mar 29 15:04:02 +0000 2018,0.0,1.0,0.0,0.6369,Mon Jan 29 04:19:55 +0000 2018,0.0,0.9,0.1,0.765,Thu Apr 05 23:53:43 +0000 2018,0.0,0.861,0.139,-0.1779,Fri Apr 06 02:27:31 +0000 2018,0.091,0.909,0.0,-0.8658,Thu Apr 05 11:00:05 +0000 2018,0.195,0.805,0.0,-185
184,0.0,Thu Mar 29 15:24:08 +0000 2018,0.0,1.0,0.0,0.0,Mon Jan 29 05:34:44 +0000 2018,0.0,1.0,0.0,0.0485,Thu Apr 05 23:59:55 +0000 2018,0.063,0.845,0.091,-0.296,Fri Apr 06 02:28:28 +0000 2018,0.216,0.784,0.0,-0.4404,Thu Apr 05 11:15:04 +0000 2018,0.112,0.888,0.0,-184
183,0.0,Thu Mar 29 15:26:27 +0000 2018,0.0,1.0,0.0,0.5719,Mon Jan 29 06:15:02 +0000 2018,0.0,0.734,0.266,0.4939,Fri Apr 06 00:11:48 +0000 2018,0.0,0.92,0.08,0.8125,Fri Apr 06 02:40:37 +0000 2018,0.0,0.763,0.237,-0.5994,Thu Apr 05 11:30:11 +0000 2018,0.178,0.822,0.0,-183
182,0.0,Thu Mar 29 15:31:22 +0000 2018,0.0,1.0,0.0,0.7506,Mon Jan 29 07:01:01 +0000 2018,0.0,0.714,0.286,0.0,Fri Apr 06 00:15:01 +0000 2018,0.0,1.0,0.0,-0.5754,Fri Apr 06 02:47:19 +0000 2018,0.125,0.835,0.041,0.0258,Thu Apr 05 11:44:02 +0000 2018,0.0,0.962,0.038,-182
181,0.0,Thu Mar 29 15:41:25 +0000 2018,0.0,1.0,0.0,0.3612,Mon Jan 29 07:25:04 +0000 2018,0.0,0.902,0.098,0.0772,Fri Apr 06 00:17:00 +0000 2018,0.0,0.965,0.035,-0.7425,Fri Apr 06 02:48:27 +0000 2018,0.142,0.858,0.0,0.0,Thu Apr 05 11:50:12 +0000 2018,0.0,1.0,0.0,-181
180,-0.3164,Thu Mar 29 16:03:03 +0000 2018,0.534,0.466,0.0,0.5719,Mon Jan 29 07:40:26 +0000 2018,0.0,0.73,0.27,0.2023,Fri Apr 06 00:29:22 +0000 2018,0.141,0.645,0.214,-0.4019,Fri Apr 06 02:51:47 +0000 2018,0.184,0.726,0.089,0.5915,Thu Apr 05 12:00:09 +0000 2018,0.0,0.869,0.131,-180
179,0.784,Thu Mar 29 16:12:19 +0000 2018,0.0,0.712,0.288,0.4574,Mon Jan 29 08:18:18 +0000 2018,0.0,0.921,0.079,0.0,Fri Apr 06 00:29:24 +0000 2018,0.0,1.0,0.0,-0.5859,Fri Apr 06 02:59:34 +0000 2018,0.223,0.685,0.092,0.3818,Thu Apr 05 12:15:06 +0000 2018,0.0,0.936,0.064,-179
178,0.0,Thu Mar 29 17:04:05 +0000 2018,0.0,1.0,0.0,0.2003,Mon Jan 29 12:00:03 +0000 2018,0.073,0.828,0.099,0.0516,Fri Apr 06 00:30:45 +0000 2018,0.0,0.95,0.05,-0.91,Fri Apr 06 03:00:39 +0000 2018,0.318,0.624,0.058,-0.6597,Thu Apr 05 12:30:04 +0000 2018,0.268,0.732,0.0,-178
177,0.4522,Thu Mar 29 18:05:02 +0000 2018,0.109,0.697,0.194,0.6597,Mon Jan 29 13:00:01 +0000 2018,0.0,0.722,0.278,-0.34,Fri Apr 06 00:35:25 +0000 2018,0.112,0.888,0.0,0.0,Fri Apr 06 03:25:51 +0000 2018,0.0,1.0,0.0,-0.2732,Thu Apr 05 12:44:04 +0000 2018,0.091,0.909,0.0,-177
176,0.0,Thu Mar 29 18:43:51 +0000 2018,0.0,1.0,0.0,0.3182,Mon Jan 29 14:00:02 +0000 2018,0.119,0.751,0.13,-0.5574,Fri Apr 06 00:41:02 +0000 2018,0.247,0.753,0.0,-0.4939,Fri Apr 06 03:51:33 +0000 2018,0.244,0.756,0.0,0.0,Thu Apr 05 13:00:24 +0000 2018,0.0,1.0,0.0,-176
175,0.0,Thu Mar 29 18:44:11 +0000 2018,0.0,1.0,0.0,0.1531,Mon Jan 29 15:00:03 +0000 2018,0.0,0.926,0.074,0.0,Fri Apr 06 00:51:08 +0000 2018,0.0,1.0,0.0,-0.6239,Fri Apr 06 04:00:01 +0000 2018,0.1,0.9,0.0,0.0,Thu Apr 05 13:10:04 +0000 2018,0.0,1.0,0.0,-175
174,0.0,Thu Mar 29 18:44:20 +0000 2018,0.0,1.0,0.0,0.5562,Mon Jan 29 16:00:05 +0000 2018,0.0,0.841,0.159,-0.3182,Fri Apr 06 01:01:01 +0000 2018,0.082,0.872,0.046,-0.8834,Fri Apr 06 04:15:00 +0000 2018,0.484,0.516,0.0,-0.0772,Thu Apr 05 13:20:07 +0000 2018,0.119,0.801,0.08,-174
173,0.0,Thu Mar 29 18:45:08 +0000 2018,0.0,1.0,0.0,0.0,Mon Jan 29 17:15:04 +0000 2018,0.0,1.0,0.0,0.4795,Fri Apr 06 01:03:17 +0000 2018,0.0,0.885,0.115,-0.3412,Fri Apr 06 04:30:00 +0000 2018,0.327,0.673,0.0,0.1027,Thu Apr 05 13:31:02 +0000 2018,0.0,0.94,0.06,-173
172,-0.296,Thu Mar 29 20:41:00 +0000 2018,0.095,0.905,0.0,0.9259,Mon Jan 29 18:00:02 +0000 2018,0.0,0.558,0.442,-0.296,Fri Apr 06 01:11:03 +0000 2018,0.145,0.855,0.0,0.8685,Fri Apr 06 04:45:00 +0000 2018,0.0,0.783,0.217,0.0,Thu Apr 05 13:44:01 +0000 2018,0.0,1.0,0.0,-172
171,0.0258,Fri Mar 30 07:30:02 +0000 2018,0.118,0.76,0.122,0.7783,Mon Jan 29 19:00:05 +0000 2018,0.0,0.755,0.245,-0.6915,Fri Apr 06 01:21:28 +0000 2018,0.24,0.691,0.069,0.2263,Fri Apr 06 05:00:01 +0000 2018,0.0,0.959,0.041,0.0,Thu Apr 05 14:00:16 +0000 2018,0.0,1.0,0.0,-171
170,0.0,Fri Mar 30 08:27:05 +0000 2018,0.0,1.0,0.0,0.0,Mon Jan 29 20:00:04 +0000 2018,0.0,1.0,0.0,0.1027,Fri Apr 06 01:24:33 +0000 2018,0.074,0.839,0.087,0.0,Fri Apr 06 05:15:00 +0000 2018,0.0,1.0,0.0,-0.3182,Thu Apr 05 14:16:02 +0000 2018,0.103,0.897,0.0,-170
169,0.4404,Fri Mar 30 09:06:02 +0000 2018,0.0,0.884,0.116,0.5093,Mon Jan 29 22:10:15 +0000 2018,0.072,0.782,0.146,-0.4588,Fri Apr 06 01:31:07 +0000 2018,0.15,0.85,0.0,0.0,Fri Apr 06 05:30:00 +0000 2018,0.0,1.0,0.0,-0.5106,Thu Apr 05 14:30:08 +0000 2018,0.173,0.745,0.082,-169
168,0.25,Fri Mar 30 10:03:04 +0000 2018,0.0,0.926,0.074,0.3818,Mon Jan 29 22:45:21 +0000 2018,0.0,0.923,0.077,0.3818,Fri Apr 06 01:42:31 +0000 2018,0.063,0.819,0.118,0.3182,Fri Apr 06 05:45:00 +0000 2018,0.118,0.683,0.199,0.0,Thu Apr 05 14:44:04 +0000 2018,0.0,1.0,0.0,-168
167,0.0,Fri Mar 30 10:33:02 +0000 2018,0.0,1.0,0.0,0.0,Tue Jan 30 00:11:05 +0000 2018,0.0,1.0,0.0,0.0,Fri Apr 06 01:45:04 +0000 2018,0.0,1.0,0.0,-0.4767,Fri Apr 06 06:00:00 +0000 2018,0.215,0.681,0.105,-0.34,Thu Apr 05 15:00:14 +0000 2018,0.124,0.876,0.0,-167
166,0.4574,Fri Mar 30 10:39:54 +0000 2018,0.09,0.697,0.213,-0.296,Tue Jan 30 01:29:06 +0000 2018,0.087,0.913,0.0,-0.3612,Fri Apr 06 01:46:07 +0000 2018,0.088,0.912,0.0,0.0,Fri Apr 06 06:15:00 +0000 2018,0.0,1.0,0.0,0.4215,Thu Apr 05 15:15:09 +0000 2018,0.0,0.877,0.123,-166
165,0.4574,Fri Mar 30 12:04:01 +0000 2018,0.0,0.917,0.083,0.0,Tue Jan 30 02:12:15 +0000 2018,0.0,1.0,0.0,-0.4404,Fri Apr 06 01:50:23 +0000 2018,0.244,0.756,0.0,0.0,Fri Apr 06 06:30:00 +0000 2018,0.0,1.0,0.0,0.4019,Thu Apr 05 15:30:10 +0000 2018,0.0,0.881,0.119,-165
164,0.5859,Fri Mar 30 13:05:00 +0000 2018,0.0,0.759,0.241,0.6908,Tue Jan 30 03:17:51 +0000 2018,0.0,0.814,0.186,0.0,Fri Apr 06 01:50:57 +0000 2018,0.0,1.0,0.0,-0.2732,Fri Apr 06 06:45:00 +0000 2018,0.237,0.763,0.0,-0.5719,Thu Apr 05 15:40:07 +0000 2018,0.134,0.866,0.0,-164
163,0.2023,Fri Mar 30 14:54:01 +0000 2018,0.0,0.945,0.055,0.5994,Tue Jan 30 04:03:31 +0000 2018,0.0,0.865,0.135,0.0,Fri Apr 06 01:51:37 +0000 2018,0.0,1.0,0.0,-0.7353,Fri Apr 06 07:00:01 +0000 2018,0.154,0.846,0.0,-0.872,Thu Apr 05 15:50:07 +0000 2018,0.31,0.69,0.0,-163
162,0.0,Fri Mar 30 15:10:56 +0000 2018,0.0,1.0,0.0,0.6705,Tue Jan 30 16:00:02 +0000 2018,0.0,0.87,0.13,0.6369,Fri Apr 06 02:01:06 +0000 2018,0.0,0.89,0.11,0.0,Fri Apr 06 07:15:00 +0000 2018,0.0,1.0,0.0,0.5994,Thu Apr 05 15:54:33 +0000 2018,0.103,0.57,0.327,-162
161,0.8715,Fri Mar 30 15:25:47 +0000 2018,0.0,0.623,0.377,0.9215,Tue Jan 30 18:46:04 +0000 2018,0.0,0.697,0.303,-0.8402,Fri Apr 06 02:07:44 +0000 2018,0.205,0.795,0.0,0.3947,Fri Apr 06 07:30:00 +0000 2018,0.0,0.913,0.087,-0.6249,Thu Apr 05 16:00:14 +0000 2018,0.111,0.889,0.0,-161
160,-0.2144,Fri Mar 30 16:02:04 +0000 2018,0.111,0.819,0.07,0.923,Tue Jan 30 21:19:22 +0000 2018,0.0,0.774,0.226,0.2023,Fri Apr 06 02:11:08 +0000 2018,0.0,0.954,0.046,-0.6239,Fri Apr 06 07:45:00 +0000 2018,0.253,0.747,0.0,0.4404,Thu Apr 05 16:04:00 +0000 2018,0.107,0.719,0.174,-160
159,0.5719,Fri Mar 30 16:26:45 +0000 2018,0.0,0.734,0.266,0.9661,Tue Jan 30 23:35:01 +0000 2018,0.0,0.655,0.345,0.0,Fri Apr 06 02:16:04 +0000 2018,0.0,1.0,0.0,0.8555,Fri Apr 06 08:00:02 +0000 2018,0.0,0.802,0.198,0.0258,Thu Apr 05 16:07:00 +0000 2018,0.0,0.962,0.038,-159
158,0.0,Fri Mar 30 17:06:00 +0000 2018,0.0,1.0,0.0,0.8908,Wed Jan 31 00:11:53 +0000 2018,0.0,0.718,0.282,0.4168,Fri Apr 06 02:24:06 +0000 2018,0.0,0.844,0.156,-0.5574,Fri Apr 06 08:15:00 +0000 2018,0.265,0.735,0.0,-0.5994,Thu Apr 05 16:11:00 +0000 2018,0.122,0.878,0.0,-158
157,0.4404,Fri Mar 30 17:29:06 +0000 2018,0.0,0.917,0.083,0.5994,Wed Jan 31 00:37:20 +0000 2018,0.0,0.843,0.157,0.0,Fri Apr 06 02:31:07 +0000 2018,0.0,1.0,0.0,-0.34,Fri Apr 06 08:30:00 +0000 2018,0.175,0.825,0.0,-0.128,Thu Apr 05 16:14:01 +0000 2018,0.069,0.874,0.057,-157
156,-0.5983,Fri Mar 30 18:01:02 +0000 2018,0.196,0.804,0.0,0.954,Wed Jan 31 00:55:04 +0000 2018,0.0,0.676,0.324,-0.1796,Fri Apr 06 02:36:05 +0000 2018,0.104,0.812,0.084,-0.1779,Fri Apr 06 09:00:00 +0000 2018,0.091,0.909,0.0,0.1779,Thu Apr 05 16:18:00 +0000 2018,0.056,0.867,0.077,-156
155,0.6369,Fri Mar 30 18:41:56 +0000 2018,0.0,0.781,0.219,0.908,Wed Jan 31 01:00:35 +0000 2018,0.0,0.678,0.322,0.4019,Fri Apr 06 02:41:47 +0000 2018,0.0,0.906,0.094,0.2263,Fri Apr 06 09:15:00 +0000 2018,0.0,0.959,0.041,0.0,Thu Apr 05 16:23:07 +0000 2018,0.0,1.0,0.0,-155
154,-0.3182,Fri Mar 30 19:00:32 +0000 2018,0.277,0.723,0.0,0.8516,Wed Jan 31 01:04:34 +0000 2018,0.0,0.42,0.58,-0.6705,Fri Apr 06 02:44:30 +0000 2018,0.148,0.852,0.0,-0.802,Fri Apr 06 09:30:00 +0000 2018,0.205,0.795,0.0,0.3071,Thu Apr 05 16:30:16 +0000 2018,0.0,0.866,0.134,-154
153,-0.5255,Fri Mar 30 20:23:06 +0000 2018,0.134,0.866,0.0,0.0,Wed Jan 31 01:08:01 +0000 2018,0.0,1.0,0.0,-0.6808,Fri Apr 06 02:51:03 +0000 2018,0.226,0.774,0.0,0.4404,Fri Apr 06 10:02:09 +0000 2018,0.0,0.738,0.262,-0.6908,Thu Apr 05 16:45:09 +0000 2018,0.183,0.817,0.0,-153
152,0.0,Sat Mar 31 07:03:06 +0000 2018,0.0,1.0,0.0,0.7525,Wed Jan 31 01:16:15 +0000 2018,0.0,0.669,0.331,-0.7096,Fri Apr 06 03:03:48 +0000 2018,0.237,0.648,0.115,0.3612,Fri Apr 06 10:04:45 +0000 2018,0.0,0.902,0.098,-0.4588,Thu Apr 05 17:00:26 +0000 2018,0.15,0.85,0.0,-152
151,0.0,Sat Mar 31 08:04:03 +0000 2018,0.0,1.0,0.0,0.0,Wed Jan 31 01:17:37 +0000 2018,0.0,1.0,0.0,0.2023,Fri Apr 06 03:11:06 +0000 2018,0.128,0.708,0.164,0.0,Fri Apr 06 10:07:35 +0000 2018,0.0,1.0,0.0,0.0258,Thu Apr 05 17:16:03 +0000 2018,0.0,0.95,0.05,-151
150,0.6369,Sat Mar 31 09:04:03 +0000 2018,0.0,0.802,0.198,-0.5106,Wed Jan 31 01:18:37 +0000 2018,0.398,0.602,0.0,-0.5106,Fri Apr 06 03:31:02 +0000 2018,0.212,0.788,0.0,0.25,Fri Apr 06 10:11:47 +0000 2018,0.0,0.875,0.125,-0.5423,Thu Apr 05 17:30:11 +0000 2018,0.149,0.851,0.0,-150
149,0.0,Sat Mar 31 10:27:04 +0000 2018,0.0,1.0,0.0,0.6588,Wed Jan 31 01:24:16 +0000 2018,0.0,0.614,0.386,-0.4019,Fri Apr 06 03:44:56 +0000 2018,0.184,0.721,0.095,-0.3182,Fri Apr 06 10:14:37 +0000 2018,0.23,0.621,0.149,-0.8625,Thu Apr 05 17:46:06 +0000 2018,0.515,0.408,0.077,-149
148,0.93,Sat Mar 31 10:37:18 +0000 2018,0.0,0.42,0.58,0.8309,Wed Jan 31 01:29:10 +0000 2018,0.0,0.586,0.414,-0.8126,Fri Apr 06 03:50:21 +0000 2018,0.457,0.543,0.0,-0.7783,Fri Apr 06 10:20:39 +0000 2018,0.358,0.642,0.0,-0.6461,Thu Apr 05 18:00:15 +0000 2018,0.217,0.783,0.0,-148
147,0.7579,Sat Mar 31 10:37:23 +0000 2018,0.0,0.745,0.255,0.8261,Wed Jan 31 01:31:27 +0000 2018,0.0,0.566,0.434,0.1531,Fri Apr 06 04:01:01 +0000 2018,0.067,0.848,0.085,0.0,Fri Apr 06 10:36:11 +0000 2018,0.0,1.0,0.0,-0.4019,Thu Apr 05 18:10:35 +0000 2018,0.213,0.787,0.0,-147
146,-0.6351,Sat Mar 31 11:26:30 +0000 2018,0.18,0.82,0.0,0.5093,Wed Jan 31 01:49:43 +0000 2018,0.0,0.82,0.18,0.7891,Fri Apr 06 04:16:35 +0000 2018,0.0,0.8,0.2,0.8591,Fri Apr 06 10:41:43 +0000 2018,0.0,0.753,0.247,-0.4588,Thu Apr 05 18:15:03 +0000 2018,0.214,0.786,0.0,-146
145,0.1779,Sat Mar 31 11:28:03 +0000 2018,0.0,0.638,0.362,0.4939,Wed Jan 31 01:52:46 +0000 2018,0.119,0.625,0.256,-0.2023,Fri Apr 06 04:31:05 +0000 2018,0.065,0.935,0.0,-0.8779,Fri Apr 06 10:44:41 +0000 2018,0.457,0.543,0.0,0.0772,Thu Apr 05 18:31:05 +0000 2018,0.16,0.622,0.218,-145
144,-0.3404,Sat Mar 31 11:50:05 +0000 2018,0.179,0.821,0.0,-0.4767,Wed Jan 31 01:58:40 +0000 2018,0.256,0.744,0.0,-0.9136,Fri Apr 06 04:46:03 +0000 2018,0.476,0.524,0.0,0.0,Fri Apr 06 10:45:53 +0000 2018,0.0,1.0,0.0,-0.5994,Thu Apr 05 18:46:05 +0000 2018,0.206,0.794,0.0,-144
143,0.0,Sat Mar 31 12:31:02 +0000 2018,0.0,1.0,0.0,-0.2263,Wed Jan 31 02:15:16 +0000 2018,0.252,0.569,0.179,0.4019,Fri Apr 06 05:01:07 +0000 2018,0.0,0.722,0.278,0.3182,Fri Apr 06 10:59:54 +0000 2018,0.0,0.912,0.088,0.0,Thu Apr 05 19:01:03 +0000 2018,0.0,1.0,0.0,-143
142,0.128,Sat Mar 31 13:01:05 +0000 2018,0.152,0.662,0.185,0.9324,Wed Jan 31 06:55:30 +0000 2018,0.054,0.569,0.376,-0.0772,Fri Apr 06 05:16:03 +0000 2018,0.053,0.947,0.0,0.34,Fri Apr 06 11:02:28 +0000 2018,0.0,0.87,0.13,0.0,Thu Apr 05 19:15:05 +0000 2018,0.0,1.0,0.0,-142
141,-0.3612,Sat Mar 31 15:42:08 +0000 2018,0.143,0.857,0.0,0.2023,Wed Jan 31 16:37:17 +0000 2018,0.159,0.686,0.154,0.34,Fri Apr 06 05:31:07 +0000 2018,0.0,0.888,0.112,-0.802,Fri Apr 06 11:06:53 +0000 2018,0.224,0.776,0.0,0.0,Thu Apr 05 19:30:09 +0000 2018,0.0,1.0,0.0,-141
140,0.765,Sat Mar 31 15:42:42 +0000 2018,0.0,0.663,0.337,0.1007,Wed Jan 31 17:05:47 +0000 2018,0.115,0.75,0.135,0.0,Fri Apr 06 05:46:03 +0000 2018,0.0,1.0,0.0,-0.8807,Fri Apr 06 11:28:00 +0000 2018,0.435,0.476,0.088,0.2263,Thu Apr 05 19:37:54 +0000 2018,0.0,0.905,0.095,-140
139,0.0,Sat Mar 31 15:43:37 +0000 2018,0.0,1.0,0.0,0.1139,Wed Jan 31 21:42:15 +0000 2018,0.0,0.947,0.053,0.0,Fri Apr 06 05:56:04 +0000 2018,0.0,1.0,0.0,0.296,Fri Apr 06 11:28:29 +0000 2018,0.0,0.82,0.18,0.0,Thu Apr 05 19:45:04 +0000 2018,0.0,1.0,0.0,-139
138,0.0,Sat Mar 31 16:15:07 +0000 2018,0.0,1.0,0.0,0.0,Thu Feb 01 20:09:49 +0000 2018,0.0,1.0,0.0,0.5574,Fri Apr 06 06:02:24 +0000 2018,0.082,0.744,0.174,-0.6597,Fri Apr 06 11:41:54 +0000 2018,0.327,0.591,0.082,-0.5267,Thu Apr 05 20:01:05 +0000 2018,0.206,0.794,0.0,-138
137,0.0,Sat Mar 31 16:31:15 +0000 2018,0.0,1.0,0.0,0.0,Thu Feb 01 22:04:41 +0000 2018,0.0,1.0,0.0,-0.4019,Fri Apr 06 06:05:06 +0000 2018,0.178,0.73,0.092,0.0,Fri Apr 06 11:43:54 +0000 2018,0.0,1.0,0.0,-0.2732,Thu Apr 05 20:05:03 +0000 2018,0.084,0.916,0.0,-137
136,-0.2023,Sat Mar 31 17:09:06 +0000 2018,0.125,0.739,0.136,0.4199,Fri Feb 02 17:23:18 +0000 2018,0.071,0.801,0.128,0.0772,Fri Apr 06 06:16:04 +0000 2018,0.0,0.965,0.035,-0.2824,Fri Apr 06 11:48:40 +0000 2018,0.144,0.793,0.063,0.0,Thu Apr 05 20:15:09 +0000 2018,0.0,1.0,0.0,-136
135,0.5574,Sat Mar 31 18:02:02 +0000 2018,0.0,0.813,0.187,0.4003,Fri Feb 02 19:03:33 +0000 2018,0.0,0.876,0.124,-0.7717,Fri Apr 06 06:30:20 +0000 2018,0.22,0.732,0.049,0.8439,Fri Apr 06 11:51:25 +0000 2018,0.0,0.695,0.305,-0.5046,Thu Apr 05 20:16:03 +0000 2018,0.098,0.902,0.0,-135
134,0.5719,Sat Mar 31 18:37:18 +0000 2018,0.0,0.802,0.198,0.4574,Fri Feb 02 20:07:40 +0000 2018,0.0,0.897,0.103,-0.0772,Fri Apr 06 06:32:57 +0000 2018,0.067,0.877,0.056,0.0,Fri Apr 06 11:57:35 +0000 2018,0.0,1.0,0.0,0.636,Thu Apr 05 20:34:46 +0000 2018,0.0,0.846,0.154,-134
133,-0.1511,Sat Mar 31 20:42:07 +0000 2018,0.109,0.891,0.0,-0.0772,Fri Feb 02 22:36:13 +0000 2018,0.075,0.925,0.0,-0.6124,Fri Apr 06 06:40:57 +0000 2018,0.167,0.833,0.0,-0.4019,Fri Apr 06 12:09:30 +0000 2018,0.153,0.847,0.0,0.1531,Thu Apr 05 20:44:49 +0000 2018,0.057,0.857,0.086,-133
132,0.3947,Sat Mar 31 21:15:00 +0000 2018,0.0,0.887,0.113,0.8858,Sat Feb 03 12:00:07 +0000 2018,0.0,0.659,0.341,-0.6696,Fri Apr 06 06:41:55 +0000 2018,0.183,0.817,0.0,-0.296,Fri Apr 06 12:12:53 +0000 2018,0.099,0.901,0.0,0.0,Thu Apr 05 20:45:05 +0000 2018,0.0,1.0,0.0,-132
131,0.8126,Sun Apr 01 08:32:07 +0000 2018,0.0,0.288,0.712,0.3724,Sat Feb 03 23:11:43 +0000 2018,0.0,0.928,0.072,0.0,Fri Apr 06 06:43:20 +0000 2018,0.0,1.0,0.0,-0.4559,Fri Apr 06 12:24:13 +0000 2018,0.079,0.921,0.0,-0.4939,Thu Apr 05 21:00:12 +0000 2018,0.151,0.849,0.0,-131
130,0.6705,Sun Apr 01 09:24:05 +0000 2018,0.0,0.814,0.186,0.5267,Sun Feb 04 12:00:01 +0000 2018,0.0,0.845,0.155,-0.0618,Fri Apr 06 06:49:28 +0000 2018,0.083,0.843,0.074,0.8658,Fri Apr 06 12:26:45 +0000 2018,0.0,0.614,0.386,0.34,Thu Apr 05 21:04:22 +0000 2018,0.0,0.902,0.098,-130
129,0.6705,Sun Apr 01 10:03:08 +0000 2018,0.0,0.784,0.216,0.0,Sun Feb 04 15:35:36 +0000 2018,0.0,1.0,0.0,0.0,Fri Apr 06 06:59:03 +0000 2018,0.0,1.0,0.0,-0.7906,Fri Apr 06 12:28:33 +0000 2018,0.267,0.733,0.0,0.6808,Thu Apr 05 21:14:00 +0000 2018,0.0,0.761,0.239,-129
128,0.4404,Sun Apr 01 10:27:03 +0000 2018,0.0,0.828,0.172,0.0772,Tue Feb 06 17:05:49 +0000 2018,0.106,0.773,0.121,-0.7096,Fri Apr 06 07:06:22 +0000 2018,0.266,0.734,0.0,0.0,Fri Apr 06 12:29:41 +0000 2018,0.0,1.0,0.0,0.25,Thu Apr 05 21:22:06 +0000 2018,0.067,0.817,0.115,-128
127,0.1695,Sun Apr 01 10:37:30 +0000 2018,0.0,0.915,0.085,0.0,Tue Feb 06 22:21:39 +0000 2018,0.0,1.0,0.0,-0.5106,Fri Apr 06 07:27:37 +0000 2018,0.212,0.788,0.0,-0.3182,Fri Apr 06 12:31:03 +0000 2018,0.104,0.831,0.065,-0.4215,Thu Apr 05 21:24:04 +0000 2018,0.104,0.857,0.039,-127
126,0.8083,Sun Apr 01 11:04:05 +0000 2018,0.0,0.711,0.289,0.5983,Wed Feb 07 16:17:48 +0000 2018,0.111,0.652,0.238,0.4019,Fri Apr 06 07:38:44 +0000 2018,0.0,0.722,0.278,-0.2732,Fri Apr 06 12:32:12 +0000 2018,0.126,0.819,0.055,0.2023,Thu Apr 05 21:36:02 +0000 2018,0.0,0.917,0.083,-126
125,0.0,Sun Apr 01 11:18:20 +0000 2018,0.0,1.0,0.0,0.0516,Wed Feb 07 18:35:19 +0000 2018,0.0,0.934,0.066,-0.6705,Fri Apr 06 08:00:26 +0000 2018,0.143,0.857,0.0,-0.1779,Fri Apr 06 12:34:01 +0000 2018,0.032,0.968,0.0,0.0,Thu Apr 05 21:39:02 +0000 2018,0.0,1.0,0.0,-125
124,0.0,Sun Apr 01 11:19:57 +0000 2018,0.0,1.0,0.0,-0.5859,Thu Feb 08 16:09:35 +0000 2018,0.186,0.814,0.0,0.0,Fri Apr 06 08:31:50 +0000 2018,0.0,1.0,0.0,0.0,Fri Apr 06 12:35:05 +0000 2018,0.0,1.0,0.0,0.0,Thu Apr 05 21:49:13 +0000 2018,0.0,1.0,0.0,-124
123,0.0,Sun Apr 01 11:23:47 +0000 2018,0.0,1.0,0.0,0.8478,Fri Feb 09 00:50:01 +0000 2018,0.0,0.696,0.304,-0.7003,Fri Apr 06 09:02:51 +0000 2018,0.271,0.585,0.144,0.0516,Fri Apr 06 12:36:41 +0000 2018,0.141,0.705,0.154,0.7783,Thu Apr 05 22:00:16 +0000 2018,0.152,0.43,0.418,-123
122,0.0,Sun Apr 01 12:00:24 +0000 2018,0.0,1.0,0.0,0.0,Mon Feb 12 01:32:33 +0000 2018,0.0,1.0,0.0,-0.2023,Fri Apr 06 09:18:48 +0000 2018,0.058,0.903,0.039,0.0,Fri Apr 06 12:37:34 +0000 2018,0.0,1.0,0.0,0.6597,Thu Apr 05 22:17:06 +0000 2018,0.0,0.803,0.197,-122
121,0.0,Sun Apr 01 12:14:27 +0000 2018,0.0,1.0,0.0,0.0,Mon Feb 12 18:49:45 +0000 2018,0.0,1.0,0.0,-0.9274,Fri Apr 06 09:26:44 +0000 2018,0.388,0.612,0.0,0.0,Fri Apr 06 12:38:08 +0000 2018,0.0,1.0,0.0,0.1531,Thu Apr 05 22:32:05 +0000 2018,0.0,0.929,0.071,-121
120,0.7717,Sun Apr 01 12:19:34 +0000 2018,0.0,0.758,0.242,0.7506,Tue Feb 13 18:54:52 +0000 2018,0.0,0.748,0.252,0.4019,Fri Apr 06 09:37:07 +0000 2018,0.0,0.895,0.105,0.0,Fri Apr 06 12:45:10 +0000 2018,0.0,1.0,0.0,0.296,Thu Apr 05 22:38:19 +0000 2018,0.0,0.913,0.087,-120
119,0.0,Sun Apr 01 14:47:16 +0000 2018,0.0,1.0,0.0,0.0,Tue Feb 13 20:03:56 +0000 2018,0.0,1.0,0.0,0.5187,Fri Apr 06 09:45:41 +0000 2018,0.0,0.877,0.123,-0.7717,Fri Apr 06 12:48:04 +0000 2018,0.372,0.628,0.0,0.0,Thu Apr 05 22:47:02 +0000 2018,0.0,1.0,0.0,-119
118,0.0,Sun Apr 01 14:48:39 +0000 2018,0.0,1.0,0.0,0.8619,Wed Feb 14 19:23:27 +0000 2018,0.0,0.534,0.466,-0.8481,Fri Apr 06 09:55:06 +0000 2018,0.375,0.625,0.0,0.0,Fri Apr 06 12:49:47 +0000 2018,0.0,1.0,0.0,0.4754,Thu Apr 05 23:02:03 +0000 2018,0.0,0.853,0.147,-118
117,0.5719,Sun Apr 01 15:00:26 +0000 2018,0.0,0.734,0.266,0.784,Fri Feb 16 17:48:20 +0000 2018,0.0,0.774,0.226,-0.0772,Fri Apr 06 10:35:37 +0000 2018,0.067,0.877,0.056,-0.8402,Fri Apr 06 12:55:00 +0000 2018,0.163,0.837,0.0,0.0,Thu Apr 05 23:17:02 +0000 2018,0.0,1.0,0.0,-117
116,0.0,Sun Apr 01 16:03:03 +0000 2018,0.0,1.0,0.0,0.3182,Fri Feb 16 18:42:43 +0000 2018,0.0,0.892,0.108,0.0,Fri Apr 06 10:44:55 +0000 2018,0.0,1.0,0.0,-0.3818,Fri Apr 06 13:15:30 +0000 2018,0.271,0.729,0.0,-0.5994,Thu Apr 05 23:32:22 +0000 2018,0.145,0.855,0.0,-116
115,0.6369,Sun Apr 01 17:00:26 +0000 2018,0.0,0.704,0.296,0.6124,Sat Feb 17 01:07:20 +0000 2018,0.0,0.783,0.217,-0.872,Fri Apr 06 10:51:22 +0000 2018,0.276,0.724,0.0,-0.8834,Fri Apr 06 13:20:54 +0000 2018,0.507,0.493,0.0,0.3818,Thu Apr 05 23:47:05 +0000 2018,0.0,0.936,0.064,-115
114,0.6114,Sun Apr 01 17:42:22 +0000 2018,0.0,0.637,0.363,0.3612,Tue Feb 20 17:39:51 +0000 2018,0.0,0.878,0.122,0.4019,Fri Apr 06 11:00:08 +0000 2018,0.0,0.895,0.105,-0.2824,Fri Apr 06 13:25:00 +0000 2018,0.144,0.793,0.063,-0.296,Fri Apr 06 00:02:02 +0000 2018,0.095,0.905,0.0,-114
113,0.8832,Sun Apr 01 18:00:27 +0000 2018,0.0,0.724,0.276,-0.4019,Tue Feb 20 17:58:18 +0000 2018,0.119,0.881,0.0,-0.3182,Fri Apr 06 11:10:05 +0000 2018,0.113,0.887,0.0,-0.4019,Fri Apr 06 13:30:50 +0000 2018,0.213,0.787,0.0,0.1027,Fri Apr 06 00:17:04 +0000 2018,0.108,0.769,0.123,-113
112,-0.91,Sun Apr 01 19:00:28 +0000 2018,0.333,0.667,0.0,0.4404,Tue Feb 20 19:55:19 +0000 2018,0.0,0.884,0.116,-0.9136,Fri Apr 06 11:20:08 +0000 2018,0.476,0.524,0.0,0.0,Fri Apr 06 13:35:00 +0000 2018,0.0,1.0,0.0,0.4404,Fri Apr 06 00:32:04 +0000 2018,0.052,0.824,0.124,-112
111,0.0,Sun Apr 01 20:38:27 +0000 2018,0.0,1.0,0.0,0.6808,Wed Feb 21 18:19:25 +0000 2018,0.0,0.752,0.248,-0.3818,Fri Apr 06 11:30:08 +0000 2018,0.191,0.809,0.0,0.5267,Fri Apr 06 13:38:15 +0000 2018,0.0,0.825,0.175,0.0,Fri Apr 06 00:47:07 +0000 2018,0.0,1.0,0.0,-111
110,-0.2732,Mon Apr 02 07:26:06 +0000 2018,0.14,0.86,0.0,0.0,Wed Feb 21 19:20:04 +0000 2018,0.0,1.0,0.0,0.4019,Fri Apr 06 11:44:06 +0000 2018,0.0,0.722,0.278,0.2755,Fri Apr 06 13:41:44 +0000 2018,0.064,0.826,0.11,0.0,Fri Apr 06 01:02:04 +0000 2018,0.0,1.0,0.0,-110
109,0.0,Mon Apr 02 08:02:00 +0000 2018,0.0,1.0,0.0,0.0,Thu Feb 22 19:26:52 +0000 2018,0.0,1.0,0.0,-0.7003,Fri Apr 06 11:50:03 +0000 2018,0.264,0.596,0.14,0.0,Fri Apr 06 13:42:39 +0000 2018,0.0,1.0,0.0,0.0,Fri Apr 06 01:17:05 +0000 2018,0.0,1.0,0.0,-109
108,0.9508,Mon Apr 02 08:08:05 +0000 2018,0.0,0.615,0.385,0.5093,Fri Feb 23 18:15:40 +0000 2018,0.0,0.845,0.155,-0.5859,Fri Apr 06 12:00:05 +0000 2018,0.217,0.691,0.092,-0.6187,Fri Apr 06 13:43:45 +0000 2018,0.131,0.869,0.0,-0.4019,Fri Apr 06 01:32:02 +0000 2018,0.252,0.748,0.0,-108
107,0.0,Mon Apr 02 08:13:54 +0000 2018,0.0,1.0,0.0,0.0,Sun Feb 25 21:51:22 +0000 2018,0.0,1.0,0.0,0.4767,Fri Apr 06 12:17:13 +0000 2018,0.0,0.866,0.134,-0.6597,Fri Apr 06 13:45:01 +0000 2018,0.355,0.645,0.0,0.4939,Fri Apr 06 01:47:03 +0000 2018,0.0,0.833,0.167,-107
106,-0.2263,Mon Apr 02 08:14:09 +0000 2018,0.101,0.899,0.0,0.0,Sun Feb 25 21:51:32 +0000 2018,0.0,1.0,0.0,0.0,Fri Apr 06 12:18:03 +0000 2018,0.0,1.0,0.0,0.0,Fri Apr 06 13:45:31 +0000 2018,0.0,1.0,0.0,0.2263,Fri Apr 06 02:02:03 +0000 2018,0.0,0.94,0.06,-106
105,0.0,Mon Apr 02 08:14:23 +0000 2018,0.0,1.0,0.0,0.7644,Mon Feb 26 01:12:32 +0000 2018,0.0,0.769,0.231,0.0,Fri Apr 06 12:25:58 +0000 2018,0.0,1.0,0.0,0.0,Fri Apr 06 13:46:34 +0000 2018,0.0,1.0,0.0,0.0,Fri Apr 06 02:17:05 +0000 2018,0.0,1.0,0.0,-105
104,0.0,Mon Apr 02 08:16:56 +0000 2018,0.0,1.0,0.0,0.0,Mon Feb 26 16:17:55 +0000 2018,0.0,1.0,0.0,-0.5267,Fri Apr 06 12:40:51 +0000 2018,0.154,0.787,0.059,0.0,Fri Apr 06 13:54:00 +0000 2018,0.0,1.0,0.0,-0.3321,Fri Apr 06 02:31:06 +0000 2018,0.129,0.871,0.0,-104
103,0.0,Mon Apr 02 09:03:04 +0000 2018,0.0,1.0,0.0,0.0,Mon Feb 26 16:52:01 +0000 2018,0.0,1.0,0.0,0.0,Fri Apr 06 12:41:59 +0000 2018,0.0,1.0,0.0,0.7003,Fri Apr 06 14:01:41 +0000 2018,0.0,0.721,0.279,-0.4019,Fri Apr 06 02:45:08 +0000 2018,0.119,0.881,0.0,-103
102,0.0,Mon Apr 02 10:02:06 +0000 2018,0.0,1.0,0.0,-0.5423,Mon Feb 26 16:53:56 +0000 2018,0.184,0.816,0.0,0.119,Fri Apr 06 12:52:00 +0000 2018,0.071,0.825,0.104,0.0,Fri Apr 06 14:05:04 +0000 2018,0.0,1.0,0.0,0.0,Fri Apr 06 03:02:03 +0000 2018,0.0,1.0,0.0,-102
101,0.2235,Mon Apr 02 11:07:00 +0000 2018,0.0,0.894,0.106,0.9359,Mon Feb 26 18:20:16 +0000 2018,0.0,0.571,0.429,0.34,Fri Apr 06 13:02:31 +0000 2018,0.0,0.912,0.088,-0.3182,Fri Apr 06 14:09:14 +0000 2018,0.128,0.806,0.066,-0.296,Fri Apr 06 03:17:56 +0000 2018,0.167,0.833,0.0,-101
100,0.0,Mon Apr 02 11:58:06 +0000 2018,0.0,1.0,0.0,0.784,Mon Feb 26 18:32:36 +0000 2018,0.0,0.734,0.266,-0.5859,Fri Apr 06 13:10:06 +0000 2018,0.198,0.729,0.073,-0.8074,Fri Apr 06 14:24:05 +0000 2018,0.289,0.711,0.0,-0.0772,Fri Apr 06 03:32:02 +0000 2018,0.058,0.891,0.05,-100
99,0.4215,Mon Apr 02 13:32:07 +0000 2018,0.0,0.859,0.141,0.4482,Mon Feb 26 19:53:41 +0000 2018,0.0,0.895,0.105,-0.9274,Fri Apr 06 13:20:11 +0000 2018,0.435,0.565,0.0,-0.6908,Fri Apr 06 14:26:57 +0000 2018,0.275,0.725,0.0,-0.5267,Fri Apr 06 03:48:32 +0000 2018,0.196,0.804,0.0,-99
98,-0.5574,Mon Apr 02 14:14:17 +0000 2018,0.184,0.816,0.0,0.0,Mon Feb 26 21:08:30 +0000 2018,0.0,1.0,0.0,-0.6486,Fri Apr 06 13:30:08 +0000 2018,0.091,0.909,0.0,-0.5994,Fri Apr 06 14:33:52 +0000 2018,0.29,0.71,0.0,0.0,Fri Apr 06 03:57:14 +0000 2018,0.0,1.0,0.0,-98
97,0.0,Mon Apr 02 17:08:03 +0000 2018,0.0,1.0,0.0,0.0,Mon Feb 26 22:50:32 +0000 2018,0.0,1.0,0.0,0.0,Fri Apr 06 13:40:08 +0000 2018,0.0,1.0,0.0,0.0,Fri Apr 06 14:34:44 +0000 2018,0.0,1.0,0.0,0.34,Fri Apr 06 04:07:05 +0000 2018,0.0,0.926,0.074,-97
96,0.5423,Mon Apr 02 18:45:06 +0000 2018,0.0,0.837,0.163,0.5562,Tue Feb 27 03:23:47 +0000 2018,0.0,0.848,0.152,0.128,Fri Apr 06 13:50:10 +0000 2018,0.116,0.741,0.143,0.6486,Fri Apr 06 14:35:00 +0000 2018,0.0,0.739,0.261,0.4939,Fri Apr 06 04:20:06 +0000 2018,0.0,0.89,0.11,-96
95,0.1531,Mon Apr 02 19:02:04 +0000 2018,0.0,0.935,0.065,0.4404,Wed Feb 28 19:08:30 +0000 2018,0.0,0.884,0.116,-0.4019,Fri Apr 06 14:00:05 +0000 2018,0.109,0.891,0.0,-0.6908,Fri Apr 06 14:42:09 +0000 2018,0.322,0.678,0.0,0.7096,Fri Apr 06 04:32:08 +0000 2018,0.0,0.742,0.258,-95
94,0.0,Mon Apr 02 20:02:08 +0000 2018,0.0,1.0,0.0,0.0,Wed Feb 28 19:56:58 +0000 2018,0.0,1.0,0.0,-0.8481,Fri Apr 06 14:10:06 +0000 2018,0.375,0.625,0.0,0.5267,Fri Apr 06 14:48:00 +0000 2018,0.0,0.825,0.175,-0.7351,Fri Apr 06 04:47:06 +0000 2018,0.282,0.618,0.1,-94
93,0.0,Tue Apr 03 07:03:05 +0000 2018,0.0,1.0,0.0,0.0,Thu Mar 01 01:04:52 +0000 2018,0.0,1.0,0.0,0.34,Fri Apr 06 14:17:21 +0000 2018,0.0,0.918,0.082,-0.296,Fri Apr 06 14:48:49 +0000 2018,0.167,0.833,0.0,0.0,Fri Apr 06 04:54:25 +0000 2018,0.0,1.0,0.0,-93
92,0.7269,Tue Apr 03 07:16:07 +0000 2018,0.0,0.663,0.337,0.6369,Thu Mar 01 13:50:11 +0000 2018,0.0,0.87,0.13,-0.0258,Fri Apr 06 14:20:07 +0000 2018,0.159,0.688,0.153,0.0,Fri Apr 06 14:49:00 +0000 2018,0.0,1.0,0.0,-0.6705,Fri Apr 06 05:02:05 +0000 2018,0.244,0.756,0.0,-92
91,-0.1027,Tue Apr 03 08:03:04 +0000 2018,0.113,0.785,0.102,0.7177,Thu Mar 01 14:15:29 +0000 2018,0.0,0.8,0.2,-0.7717,Fri Apr 06 14:38:44 +0000 2018,0.22,0.732,0.049,-0.5267,Fri Apr 06 14:52:43 +0000 2018,0.152,0.848,0.0,0.0,Fri Apr 06 05:16:06 +0000 2018,0.0,1.0,0.0,-91
90,0.0,Tue Apr 03 09:29:03 +0000 2018,0.0,1.0,0.0,0.7717,Thu Mar 01 14:29:20 +0000 2018,0.0,0.675,0.325,0.4404,Fri Apr 06 14:40:00 +0000 2018,0.0,0.83,0.17,0.0,Fri Apr 06 15:00:04 +0000 2018,0.0,1.0,0.0,0.0,Fri Apr 06 05:47:03 +0000 2018,0.0,1.0,0.0,-90
89,0.4926,Tue Apr 03 10:31:13 +0000 2018,0.0,0.862,0.138,0.5994,Thu Mar 01 14:36:21 +0000 2018,0.0,0.822,0.178,0.4588,Fri Apr 06 14:50:07 +0000 2018,0.0,0.824,0.176,0.6597,Fri Apr 06 15:08:07 +0000 2018,0.0,0.779,0.221,0.1531,Fri Apr 06 06:05:09 +0000 2018,0.0,0.929,0.071,-89
88,0.3612,Tue Apr 03 10:46:40 +0000 2018,0.0,0.898,0.102,0.4885,Thu Mar 01 18:10:50 +0000 2018,0.151,0.615,0.234,0.0,Fri Apr 06 15:00:03 +0000 2018,0.0,1.0,0.0,-0.8519,Fri Apr 06 15:18:57 +0000 2018,0.43,0.57,0.0,0.7783,Fri Apr 06 06:22:05 +0000 2018,0.152,0.43,0.418,-88
87,0.0,Tue Apr 03 10:55:48 +0000 2018,0.0,1.0,0.0,0.8591,Thu Mar 01 18:11:50 +0000 2018,0.0,0.462,0.538,-0.6808,Fri Apr 06 15:10:06 +0000 2018,0.221,0.697,0.082,-0.5106,Fri Apr 06 15:33:37 +0000 2018,0.18,0.82,0.0,0.7615,Fri Apr 06 06:38:36 +0000 2018,0.0,0.762,0.238,-87
86,-0.4215,Tue Apr 03 11:01:05 +0000 2018,0.118,0.882,0.0,0.4547,Thu Mar 01 18:12:57 +0000 2018,0.092,0.749,0.159,0.0,Fri Apr 06 15:20:54 +0000 2018,0.0,1.0,0.0,0.0,Fri Apr 06 15:36:00 +0000 2018,0.0,1.0,0.0,0.4939,Fri Apr 06 06:56:31 +0000 2018,0.0,0.714,0.286,-86
85,0.3612,Tue Apr 03 11:22:03 +0000 2018,0.0,0.884,0.116,-0.6981,Thu Mar 01 18:59:01 +0000 2018,0.21,0.79,0.0,-0.34,Fri Apr 06 15:30:02 +0000 2018,0.057,0.943,0.0,-0.2584,Fri Apr 06 15:38:00 +0000 2018,0.184,0.816,0.0,0.3818,Fri Apr 06 07:02:03 +0000 2018,0.0,0.936,0.064,-85
84,0.0,Tue Apr 03 11:28:48 +0000 2018,0.0,1.0,0.0,0.4215,Fri Mar 02 18:45:00 +0000 2018,0.033,0.892,0.075,0.0,Fri Apr 06 15:40:06 +0000 2018,0.0,1.0,0.0,0.3182,Fri Apr 06 15:39:18 +0000 2018,0.0,0.883,0.117,-0.4939,Fri Apr 06 07:11:28 +0000 2018,0.211,0.789,0.0,-84
83,-0.1082,Tue Apr 03 11:37:31 +0000 2018,0.123,0.773,0.104,0.7096,Fri Mar 02 20:30:01 +0000 2018,0.0,0.803,0.197,-0.0772,Fri Apr 06 15:51:42 +0000 2018,0.067,0.877,0.056,0.0,Fri Apr 06 15:50:49 +0000 2018,0.0,1.0,0.0,-0.4939,Fri Apr 06 07:17:04 +0000 2018,0.132,0.868,0.0,-83
82,0.8126,Tue Apr 03 12:01:00 +0000 2018,0.0,0.714,0.286,0.91,Fri Mar 02 22:30:01 +0000 2018,0.0,0.658,0.342,-0.0258,Fri Apr 06 16:00:21 +0000 2018,0.097,0.811,0.093,0.5267,Fri Apr 06 15:51:00 +0000 2018,0.0,0.864,0.136,0.0,Fri Apr 06 07:32:05 +0000 2018,0.0,1.0,0.0,-82
81,0.0,Tue Apr 03 12:02:22 +0000 2018,0.0,1.0,0.0,0.0,Sat Mar 03 20:55:20 +0000 2018,0.0,1.0,0.0,-0.3818,Fri Apr 06 16:10:04 +0000 2018,0.191,0.809,0.0,0.6249,Fri Apr 06 15:59:15 +0000 2018,0.0,0.773,0.227,-0.3182,Fri Apr 06 07:47:05 +0000 2018,0.277,0.723,0.0,-81
80,0.0,Tue Apr 03 12:05:58 +0000 2018,0.0,1.0,0.0,0.4404,Sun Mar 04 08:05:26 +0000 2018,0.0,0.884,0.116,-0.0772,Fri Apr 06 16:20:08 +0000 2018,0.053,0.947,0.0,0.3182,Fri Apr 06 16:05:36 +0000 2018,0.0,0.933,0.067,-0.6808,Fri Apr 06 08:02:05 +0000 2018,0.248,0.752,0.0,-80
79,0.5093,Tue Apr 03 12:41:53 +0000 2018,0.0,0.83,0.17,0.4389,Mon Mar 05 22:16:43 +0000 2018,0.0,0.915,0.085,-0.9136,Fri Apr 06 16:32:27 +0000 2018,0.476,0.524,0.0,-0.2263,Fri Apr 06 16:14:50 +0000 2018,0.197,0.656,0.148,-0.5423,Fri Apr 06 08:15:05 +0000 2018,0.2,0.8,0.0,-79
78,0.0,Tue Apr 03 12:57:41 +0000 2018,0.0,1.0,0.0,0.6705,Tue Mar 06 18:10:59 +0000 2018,0.0,0.766,0.234,-0.6486,Fri Apr 06 16:40:13 +0000 2018,0.301,0.699,0.0,-0.4019,Fri Apr 06 16:27:58 +0000 2018,0.213,0.787,0.0,0.4215,Fri Apr 06 08:30:12 +0000 2018,0.0,0.887,0.113,-78
77,0.0,Tue Apr 03 13:15:07 +0000 2018,0.0,1.0,0.0,0.0,Wed Mar 07 17:06:02 +0000 2018,0.0,1.0,0.0,0.0,Fri Apr 06 16:50:05 +0000 2018,0.0,1.0,0.0,-0.6597,Fri Apr 06 16:36:28 +0000 2018,0.278,0.722,0.0,0.4767,Fri Apr 06 08:44:03 +0000 2018,0.0,0.846,0.154,-77
76,0.0,Tue Apr 03 14:27:34 +0000 2018,0.0,1.0,0.0,-0.2023,Wed Mar 07 18:39:10 +0000 2018,0.23,0.619,0.15,-0.4588,Fri Apr 06 17:00:13 +0000 2018,0.2,0.8,0.0,-0.9117,Fri Apr 06 16:44:58 +0000 2018,0.34,0.56,0.1,-0.5267,Fri Apr 06 09:00:24 +0000 2018,0.196,0.804,0.0,-76
75,0.0,Tue Apr 03 14:47:02 +0000 2018,0.0,1.0,0.0,0.6688,Thu Mar 08 17:03:04 +0000 2018,0.0,0.889,0.111,-0.0772,Fri Apr 06 17:10:09 +0000 2018,0.073,0.863,0.065,0.4019,Fri Apr 06 16:54:18 +0000 2018,0.0,0.838,0.162,0.128,Fri Apr 06 09:14:03 +0000 2018,0.082,0.821,0.097,-75
74,0.0,Tue Apr 03 14:50:24 +0000 2018,0.0,1.0,0.0,0.91,Thu Mar 08 18:00:49 +0000 2018,0.0,0.675,0.325,0.4019,Fri Apr 06 17:30:15 +0000 2018,0.0,0.863,0.137,0.0,Fri Apr 06 17:00:01 +0000 2018,0.0,1.0,0.0,-0.836,Fri Apr 06 09:30:08 +0000 2018,0.368,0.632,0.0,-74
73,0.7351,Tue Apr 03 15:05:05 +0000 2018,0.0,0.788,0.212,0.0,Fri Mar 09 16:02:27 +0000 2018,0.0,1.0,0.0,0.4404,Fri Apr 06 17:40:22 +0000 2018,0.0,0.83,0.17,0.4019,Fri Apr 06 17:03:59 +0000 2018,0.0,0.803,0.197,-0.4767,Fri Apr 06 09:45:05 +0000 2018,0.12,0.88,0.0,-73
72,0.0,Tue Apr 03 16:02:04 +0000 2018,0.0,1.0,0.0,0.8658,Fri Mar 09 18:27:28 +0000 2018,0.0,0.553,0.447,0.6486,Fri Apr 06 17:50:09 +0000 2018,0.0,0.798,0.202,0.0,Fri Apr 06 17:04:36 +0000 2018,0.0,1.0,0.0,0.0,Fri Apr 06 10:10:02 +0000 2018,0.0,1.0,0.0,-72
71,-0.7351,Tue Apr 03 16:22:33 +0000 2018,0.265,0.735,0.0,0.784,Fri Mar 09 21:10:21 +0000 2018,0.0,0.853,0.147,0.4215,Fri Apr 06 17:58:58 +0000 2018,0.0,0.887,0.113,-0.5267,Fri Apr 06 17:07:16 +0000 2018,0.159,0.841,0.0,0.0,Fri Apr 06 10:15:05 +0000 2018,0.0,1.0,0.0,-71
70,-0.5411,Tue Apr 03 17:03:04 +0000 2018,0.304,0.576,0.119,0.1275,Fri Mar 09 22:24:20 +0000 2018,0.092,0.795,0.113,-0.2444,Fri Apr 06 18:00:03 +0000 2018,0.149,0.754,0.097,0.0,Fri Apr 06 17:10:19 +0000 2018,0.0,1.0,0.0,-0.7906,Fri Apr 06 10:31:08 +0000 2018,0.212,0.75,0.037,-70
69,0.0,Tue Apr 03 18:03:05 +0000 2018,0.0,1.0,0.0,0.4926,Fri Mar 09 22:48:26 +0000 2018,0.0,0.883,0.117,0.4939,Fri Apr 06 18:10:07 +0000 2018,0.0,0.758,0.242,0.0,Fri Apr 06 17:14:43 +0000 2018,0.0,1.0,0.0,0.0,Fri Apr 06 10:45:09 +0000 2018,0.0,1.0,0.0,-69
68,0.0772,Tue Apr 03 20:03:05 +0000 2018,0.0,0.944,0.056,0.0,Mon Mar 12 01:20:43 +0000 2018,0.0,1.0,0.0,0.128,Fri Apr 06 18:20:04 +0000 2018,0.116,0.741,0.143,0.3612,Fri Apr 06 17:19:00 +0000 2018,0.103,0.687,0.21,-0.25,Fri Apr 06 10:50:00 +0000 2018,0.087,0.913,0.0,-68
67,-0.1511,Wed Apr 04 07:00:06 +0000 2018,0.166,0.834,0.0,0.2244,Mon Mar 12 18:13:28 +0000 2018,0.0,0.917,0.083,0.0,Fri Apr 06 18:25:27 +0000 2018,0.0,1.0,0.0,-0.5719,Fri Apr 06 17:28:14 +0000 2018,0.387,0.471,0.141,-0.4291,Fri Apr 06 11:00:08 +0000 2018,0.079,0.921,0.0,-67
66,0.25,Wed Apr 04 07:27:06 +0000 2018,0.0,0.818,0.182,0.539,Tue Mar 13 14:15:10 +0000 2018,0.0,0.899,0.101,0.0,Fri Apr 06 18:27:59 +0000 2018,0.0,1.0,0.0,0.3182,Fri Apr 06 17:32:44 +0000 2018,0.0,0.827,0.173,-0.6908,Fri Apr 06 11:14:05 +0000 2018,0.3,0.601,0.099,-66
65,0.6696,Wed Apr 04 07:29:46 +0000 2018,0.0,0.817,0.183,0.3612,Tue Mar 13 18:48:52 +0000 2018,0.0,0.857,0.143,-0.8481,Fri Apr 06 18:30:08 +0000 2018,0.375,0.625,0.0,0.0,Fri Apr 06 17:54:11 +0000 2018,0.0,1.0,0.0,0.081,Fri Apr 06 11:20:09 +0000 2018,0.177,0.633,0.19,-65
64,0.0,Wed Apr 04 07:29:52 +0000 2018,0.0,1.0,0.0,0.6696,Wed Mar 14 19:30:01 +0000 2018,0.0,0.892,0.108,0.7149,Fri Apr 06 18:40:14 +0000 2018,0.075,0.727,0.199,0.0,Fri Apr 06 18:02:46 +0000 2018,0.0,1.0,0.0,-0.847,Fri Apr 06 11:30:14 +0000 2018,0.254,0.746,0.0,-64
63,0.6486,Wed Apr 04 08:03:03 +0000 2018,0.0,0.739,0.261,0.6115,Thu Mar 15 14:32:16 +0000 2018,0.0,0.734,0.266,0.0,Fri Apr 06 18:41:05 +0000 2018,0.0,1.0,0.0,0.1063,Fri Apr 06 18:04:14 +0000 2018,0.103,0.812,0.084,-0.7717,Fri Apr 06 11:45:08 +0000 2018,0.325,0.675,0.0,-63
62,-0.5423,Wed Apr 04 09:11:29 +0000 2018,0.209,0.791,0.0,0.6514,Thu Mar 15 16:42:41 +0000 2018,0.0,0.806,0.194,0.6115,Fri Apr 06 18:47:21 +0000 2018,0.061,0.76,0.178,0.0,Fri Apr 06 18:04:39 +0000 2018,0.0,1.0,0.0,-0.3818,Fri Apr 06 12:00:09 +0000 2018,0.08,0.92,0.0,-62
61,0.0,Wed Apr 04 09:16:19 +0000 2018,0.0,1.0,0.0,-0.4939,Thu Mar 15 17:20:26 +0000 2018,0.157,0.766,0.077,0.0,Fri Apr 06 18:50:09 +0000 2018,0.0,1.0,0.0,0.7717,Fri Apr 06 18:05:22 +0000 2018,0.0,0.609,0.391,0.0,Fri Apr 06 12:10:00 +0000 2018,0.0,1.0,0.0,-61
60,0.25,Wed Apr 04 10:09:33 +0000 2018,0.0,0.929,0.071,0.7088,Thu Mar 15 17:54:06 +0000 2018,0.0,0.763,0.237,0.0,Fri Apr 06 18:56:26 +0000 2018,0.0,1.0,0.0,0.0,Fri Apr 06 18:06:09 +0000 2018,0.0,1.0,0.0,-0.743,Fri Apr 06 12:20:04 +0000 2018,0.195,0.805,0.0,-60
59,0.4019,Wed Apr 04 10:19:06 +0000 2018,0.0,0.891,0.109,0.6514,Fri Mar 16 16:28:40 +0000 2018,0.0,0.829,0.171,-0.6486,Fri Apr 06 19:00:13 +0000 2018,0.091,0.909,0.0,-0.4767,Fri Apr 06 18:08:56 +0000 2018,0.162,0.838,0.0,-0.128,Fri Apr 06 12:30:11 +0000 2018,0.118,0.784,0.098,-59
58,0.34,Wed Apr 04 11:02:06 +0000 2018,0.0,0.902,0.098,0.0,Fri Mar 16 18:15:53 +0000 2018,0.0,1.0,0.0,-0.7506,Fri Apr 06 19:01:51 +0000 2018,0.209,0.791,0.0,0.1513,Fri Apr 06 18:10:04 +0000 2018,0.157,0.606,0.237,0.7579,Fri Apr 06 12:40:12 +0000 2018,0.0,0.787,0.213,-58
57,0.1531,Wed Apr 04 12:00:30 +0000 2018,0.0,0.897,0.103,0.296,Fri Mar 16 22:53:21 +0000 2018,0.0,0.901,0.099,0.6808,Fri Apr 06 19:12:10 +0000 2018,0.0,0.763,0.237,0.5719,Fri Apr 06 18:10:54 +0000 2018,0.0,0.856,0.144,0.0248,Fri Apr 06 12:45:07 +0000 2018,0.038,0.921,0.041,-57
56,0.0,Wed Apr 04 12:03:29 +0000 2018,0.0,1.0,0.0,0.8402,Sat Mar 17 14:00:03 +0000 2018,0.0,0.75,0.25,0.4404,Fri Apr 06 19:12:33 +0000 2018,0.0,0.884,0.116,-0.1761,Fri Apr 06 18:12:11 +0000 2018,0.075,0.925,0.0,-0.25,Fri Apr 06 12:55:10 +0000 2018,0.229,0.605,0.166,-56
55,0.636,Wed Apr 04 12:17:04 +0000 2018,0.0,0.729,0.271,0.6166,Sat Mar 17 17:42:43 +0000 2018,0.0,0.845,0.155,0.0,Fri Apr 06 19:17:52 +0000 2018,0.0,1.0,0.0,-0.9098,Fri Apr 06 18:16:58 +0000 2018,0.418,0.582,0.0,0.0,Fri Apr 06 13:00:23 +0000 2018,0.0,1.0,0.0,-55
54,-0.296,Wed Apr 04 12:49:56 +0000 2018,0.121,0.879,0.0,0.0,Sat Mar 17 19:00:02 +0000 2018,0.0,1.0,0.0,0.0,Fri Apr 06 19:32:46 +0000 2018,0.0,1.0,0.0,-0.8779,Fri Apr 06 18:21:37 +0000 2018,0.346,0.654,0.0,0.4069,Fri Apr 06 13:16:07 +0000 2018,0.1,0.779,0.121,-54
53,0.0,Wed Apr 04 13:05:05 +0000 2018,0.0,1.0,0.0,0.1867,Sun Mar 18 17:09:53 +0000 2018,0.0,0.92,0.08,-0.5719,Fri Apr 06 19:46:54 +0000 2018,0.129,0.871,0.0,0.8341,Fri Apr 06 18:26:11 +0000 2018,0.052,0.624,0.324,0.8126,Fri Apr 06 13:30:09 +0000 2018,0.0,0.807,0.193,-53
52,0.0,Wed Apr 04 15:03:05 +0000 2018,0.0,1.0,0.0,0.6514,Sun Mar 18 18:05:43 +0000 2018,0.0,0.787,0.213,0.0,Fri Apr 06 19:52:06 +0000 2018,0.0,1.0,0.0,0.4404,Fri Apr 06 18:27:52 +0000 2018,0.0,0.879,0.121,0.3612,Fri Apr 06 13:45:05 +0000 2018,0.0,0.737,0.263,-52
51,0.0,Wed Apr 04 16:00:29 +0000 2018,0.0,1.0,0.0,0.0,Sun Mar 18 23:44:30 +0000 2018,0.0,1.0,0.0,0.7003,Fri Apr 06 19:56:26 +0000 2018,0.0,0.876,0.124,0.7906,Fri Apr 06 18:30:06 +0000 2018,0.049,0.73,0.221,0.0,Fri Apr 06 14:00:22 +0000 2018,0.0,1.0,0.0,-51
50,-0.1531,Wed Apr 04 17:02:05 +0000 2018,0.062,0.938,0.0,0.7845,Mon Mar 19 21:02:26 +0000 2018,0.072,0.619,0.309,0.0,Fri Apr 06 20:01:38 +0000 2018,0.0,1.0,0.0,0.8885,Fri Apr 06 18:33:36 +0000 2018,0.0,0.742,0.258,-0.875,Fri Apr 06 14:14:05 +0000 2018,0.327,0.599,0.074,-50
49,0.0,Wed Apr 04 17:04:50 +0000 2018,0.0,1.0,0.0,0.0,Tue Mar 20 16:11:00 +0000 2018,0.0,1.0,0.0,0.4215,Fri Apr 06 20:02:53 +0000 2018,0.073,0.772,0.156,-0.8779,Fri Apr 06 18:35:55 +0000 2018,0.346,0.654,0.0,-0.926,Fri Apr 06 14:35:06 +0000 2018,0.391,0.609,0.0,-49
48,0.4215,Wed Apr 04 18:02:06 +0000 2018,0.0,0.763,0.237,0.5562,Tue Mar 20 16:52:42 +0000 2018,0.0,0.826,0.174,-0.7684,Fri Apr 06 20:12:05 +0000 2018,0.21,0.79,0.0,0.4588,Fri Apr 06 18:38:01 +0000 2018,0.0,0.857,0.143,-0.4215,Fri Apr 06 14:45:05 +0000 2018,0.113,0.887,0.0,-48
47,0.7906,Wed Apr 04 19:05:08 +0000 2018,0.0,0.759,0.241,0.0,Tue Mar 20 17:58:43 +0000 2018,0.0,1.0,0.0,-0.7506,Fri Apr 06 20:15:39 +0000 2018,0.198,0.802,0.0,0.1063,Fri Apr 06 18:42:00 +0000 2018,0.082,0.851,0.067,-0.6369,Fri Apr 06 14:55:48 +0000 2018,0.148,0.852,0.0,-47
46,-0.5994,Thu Apr 05 07:00:08 +0000 2018,0.262,0.738,0.0,0.5106,Tue Mar 20 20:00:01 +0000 2018,0.0,0.918,0.082,0.0258,Fri Apr 06 20:22:52 +0000 2018,0.138,0.718,0.144,0.5994,Fri Apr 06 18:44:00 +0000 2018,0.0,0.886,0.114,0.2023,Fri Apr 06 15:10:06 +0000 2018,0.093,0.784,0.123,-46
45,0.7269,Thu Apr 05 07:29:10 +0000 2018,0.0,0.643,0.357,0.4588,Wed Mar 21 18:00:01 +0000 2018,0.0,0.933,0.067,0.0,Fri Apr 06 20:24:06 +0000 2018,0.0,1.0,0.0,0.0,Fri Apr 06 18:48:55 +0000 2018,0.0,1.0,0.0,0.1471,Fri Apr 06 15:25:05 +0000 2018,0.079,0.822,0.099,-45
44,0.0,Thu Apr 05 07:33:03 +0000 2018,0.0,1.0,0.0,0.636,Thu Mar 22 00:23:38 +0000 2018,0.0,0.819,0.181,0.4404,Fri Apr 06 20:34:47 +0000 2018,0.0,0.906,0.094,-0.3491,Fri Apr 06 18:58:12 +0000 2018,0.051,0.949,0.0,-0.296,Fri Apr 06 15:40:04 +0000 2018,0.081,0.919,0.0,-44
43,-0.2023,Thu Apr 05 08:01:06 +0000 2018,0.229,0.625,0.146,0.7081,Thu Mar 22 20:52:02 +0000 2018,0.066,0.623,0.311,-0.5574,Fri Apr 06 20:47:07 +0000 2018,0.135,0.865,0.0,-0.7096,Fri Apr 06 19:04:15 +0000 2018,0.296,0.704,0.0,0.2944,Fri Apr 06 15:55:02 +0000 2018,0.058,0.834,0.108,-43
42,-0.4003,Thu Apr 05 08:57:48 +0000 2018,0.114,0.886,0.0,0.6514,Thu Mar 22 22:10:29 +0000 2018,0.0,0.907,0.093,0.0,Fri Apr 06 20:48:09 +0000 2018,0.0,1.0,0.0,0.3818,Fri Apr 06 19:17:53 +0000 2018,0.125,0.655,0.22,0.0,Fri Apr 06 16:12:51 +0000 2018,0.0,1.0,0.0,-42
41,-0.128,Thu Apr 05 09:06:05 +0000 2018,0.091,0.909,0.0,0.8997,Fri Mar 23 22:32:48 +0000 2018,0.0,0.645,0.355,0.0,Fri Apr 06 20:52:05 +0000 2018,0.0,1.0,0.0,-0.5574,Fri Apr 06 19:23:44 +0000 2018,0.31,0.69,0.0,0.0,Fri Apr 06 16:17:06 +0000 2018,0.0,1.0,0.0,-41
40,0.0,Thu Apr 05 09:44:41 +0000 2018,0.0,1.0,0.0,0.4939,Fri Mar 23 22:33:04 +0000 2018,0.0,0.686,0.314,0.0,Fri Apr 06 20:53:04 +0000 2018,0.0,1.0,0.0,0.3818,Fri Apr 06 19:34:50 +0000 2018,0.0,0.822,0.178,0.0,Fri Apr 06 16:25:06 +0000 2018,0.0,1.0,0.0,-40
39,0.3164,Thu Apr 05 09:52:41 +0000 2018,0.0,0.906,0.094,0.8697,Fri Mar 23 22:33:52 +0000 2018,0.0,0.765,0.235,-0.0258,Fri Apr 06 21:01:04 +0000 2018,0.159,0.688,0.153,0.0,Fri Apr 06 19:43:33 +0000 2018,0.0,1.0,0.0,-0.8126,Fri Apr 06 16:40:08 +0000 2018,0.296,0.704,0.0,-39
38,0.2023,Thu Apr 05 09:53:47 +0000 2018,0.0,0.924,0.076,0.6239,Sat Mar 24 20:00:02 +0000 2018,0.0,0.909,0.091,0.0,Fri Apr 06 21:01:32 +0000 2018,0.0,1.0,0.0,0.0,Fri Apr 06 19:50:09 +0000 2018,0.0,1.0,0.0,0.0,Fri Apr 06 16:55:02 +0000 2018,0.0,1.0,0.0,-38
37,0.0,Thu Apr 05 09:55:45 +0000 2018,0.0,1.0,0.0,0.9451,Sat Mar 24 22:21:23 +0000 2018,0.0,0.58,0.42,0.0,Fri Apr 06 21:06:05 +0000 2018,0.0,1.0,0.0,-0.7717,Fri Apr 06 20:06:25 +0000 2018,0.34,0.66,0.0,0.0,Fri Apr 06 17:10:07 +0000 2018,0.0,1.0,0.0,-37
36,0.6027,Thu Apr 05 10:03:28 +0000 2018,0.0,0.843,0.157,0.7184,Sat Mar 24 22:21:26 +0000 2018,0.0,0.667,0.333,-0.8807,Fri Apr 06 21:18:25 +0000 2018,0.289,0.711,0.0,-0.8074,Fri Apr 06 20:17:34 +0000 2018,0.3,0.7,0.0,-0.6249,Fri Apr 06 17:25:09 +0000 2018,0.091,0.909,0.0,-36
35,0.4215,Thu Apr 05 10:22:47 +0000 2018,0.0,0.797,0.203,0.0,Sat Mar 24 22:21:34 +0000 2018,0.0,1.0,0.0,-0.1531,Fri Apr 06 21:25:09 +0000 2018,0.132,0.769,0.099,0.0,Fri Apr 06 20:26:06 +0000 2018,0.0,1.0,0.0,0.807,Fri Apr 06 17:35:06 +0000 2018,0.0,0.717,0.283,-35
34,0.0,Thu Apr 05 10:26:16 +0000 2018,0.0,1.0,0.0,0.0,Sat Mar 24 22:21:37 +0000 2018,0.0,1.0,0.0,-0.5423,Fri Apr 06 21:37:51 +0000 2018,0.163,0.837,0.0,-0.0258,Fri Apr 06 20:26:22 +0000 2018,0.084,0.916,0.0,-0.8658,Fri Apr 06 17:45:07 +0000 2018,0.217,0.783,0.0,-34
33,0.0,Thu Apr 05 11:01:08 +0000 2018,0.0,1.0,0.0,0.7003,Sat Mar 24 22:25:03 +0000 2018,0.0,0.791,0.209,0.0,Fri Apr 06 21:38:54 +0000 2018,0.0,1.0,0.0,0.0,Fri Apr 06 20:31:07 +0000 2018,0.0,1.0,0.0,-0.4767,Fri Apr 06 18:00:10 +0000 2018,0.134,0.774,0.092,-33
32,-0.2263,Thu Apr 05 11:56:05 +0000 2018,0.112,0.888,0.0,-0.34,Sat Mar 24 22:46:43 +0000 2018,0.185,0.7,0.115,-0.6369,Fri Apr 06 21:45:40 +0000 2018,0.181,0.819,0.0,0.0,Fri Apr 06 20:36:16 +0000 2018,0.0,1.0,0.0,0.2023,Fri Apr 06 18:10:05 +0000 2018,0.093,0.784,0.123,-32
31,0.4588,Thu Apr 05 12:37:24 +0000 2018,0.0,0.75,0.25,0.5399,Sat Mar 24 22:46:53 +0000 2018,0.0,0.801,0.199,-0.6705,Fri Apr 06 21:48:21 +0000 2018,0.143,0.857,0.0,-0.4215,Fri Apr 06 20:43:07 +0000 2018,0.203,0.797,0.0,-0.5574,Fri Apr 06 18:19:13 +0000 2018,0.141,0.859,0.0,-31
30,0.0028,Thu Apr 05 12:59:08 +0000 2018,0.118,0.724,0.159,0.5754,Sun Mar 25 17:15:25 +0000 2018,0.053,0.802,0.145,0.4939,Fri Apr 06 22:02:55 +0000 2018,0.0,0.89,0.11,-0.5859,Fri Apr 06 20:51:53 +0000 2018,0.151,0.849,0.0,0.0,Fri Apr 06 18:20:03 +0000 2018,0.0,1.0,0.0,-30
29,0.0,Thu Apr 05 14:34:17 +0000 2018,0.0,1.0,0.0,0.0,Sun Mar 25 23:57:34 +0000 2018,0.0,1.0,0.0,0.4404,Fri Apr 06 22:07:07 +0000 2018,0.0,0.86,0.14,-0.3182,Fri Apr 06 21:04:31 +0000 2018,0.204,0.796,0.0,0.0,Fri Apr 06 18:30:16 +0000 2018,0.0,1.0,0.0,-29
28,0.0,Thu Apr 05 15:55:28 +0000 2018,0.0,1.0,0.0,0.807,Mon Mar 26 16:05:18 +0000 2018,0.0,0.799,0.201,-0.6908,Fri Apr 06 22:18:37 +0000 2018,0.305,0.695,0.0,0.128,Fri Apr 06 21:13:36 +0000 2018,0.072,0.837,0.092,0.2776,Fri Apr 06 18:45:04 +0000 2018,0.059,0.837,0.104,-28
27,-0.765,Thu Apr 05 16:00:17 +0000 2018,0.32,0.68,0.0,0.7959,Mon Mar 26 16:59:19 +0000 2018,0.0,0.786,0.214,0.4404,Fri Apr 06 22:21:20 +0000 2018,0.0,0.86,0.14,0.4404,Fri Apr 06 21:15:31 +0000 2018,0.0,0.813,0.187,0.0,Fri Apr 06 19:00:18 +0000 2018,0.0,1.0,0.0,-27
26,0.0,Thu Apr 05 17:02:05 +0000 2018,0.0,1.0,0.0,0.0,Mon Mar 26 20:42:48 +0000 2018,0.0,1.0,0.0,-0.6369,Fri Apr 06 22:29:14 +0000 2018,0.181,0.819,0.0,-0.3182,Fri Apr 06 21:29:30 +0000 2018,0.204,0.796,0.0,-0.34,Fri Apr 06 19:02:54 +0000 2018,0.088,0.912,0.0,-26
25,0.7096,Thu Apr 05 18:00:24 +0000 2018,0.0,0.629,0.371,0.508,Mon Mar 26 22:14:25 +0000 2018,0.0,0.88,0.12,-0.4404,Fri Apr 06 22:38:07 +0000 2018,0.146,0.854,0.0,0.5423,Fri Apr 06 21:30:58 +0000 2018,0.0,0.769,0.231,-0.4939,Fri Apr 06 19:15:03 +0000 2018,0.151,0.849,0.0,-25
24,-0.6908,Thu Apr 05 20:02:00 +0000 2018,0.176,0.824,0.0,0.296,Tue Mar 27 17:00:00 +0000 2018,0.0,0.95,0.05,0.0,Fri Apr 06 22:39:46 +0000 2018,0.0,1.0,0.0,0.0,Fri Apr 06 21:42:17 +0000 2018,0.0,1.0,0.0,-0.6705,Fri Apr 06 19:30:18 +0000 2018,0.159,0.841,0.0,-24
23,0.4579,Fri Apr 06 07:00:09 +0000 2018,0.067,0.779,0.154,0.3818,Tue Mar 27 21:00:01 +0000 2018,0.068,0.8,0.133,-0.4404,Fri Apr 06 22:50:11 +0000 2018,0.153,0.847,0.0,-0.8258,Fri Apr 06 21:52:18 +0000 2018,0.492,0.382,0.126,-0.25,Fri Apr 06 19:45:05 +0000 2018,0.136,0.805,0.059,-23
22,0.0,Fri Apr 06 08:00:17 +0000 2018,0.0,1.0,0.0,0.6239,Thu Mar 29 17:30:02 +0000 2018,0.0,0.903,0.097,0.7783,Fri Apr 06 22:55:15 +0000 2018,0.0,0.786,0.214,-0.2023,Fri Apr 06 21:55:32 +0000 2018,0.141,0.859,0.0,0.0,Fri Apr 06 19:51:30 +0000 2018,0.0,1.0,0.0,-22
21,0.25,Fri Apr 06 08:08:50 +0000 2018,0.0,0.905,0.095,0.0,Thu Mar 29 17:32:40 +0000 2018,0.0,1.0,0.0,0.4404,Fri Apr 06 22:58:00 +0000 2018,0.0,0.86,0.14,0.2023,Fri Apr 06 22:01:14 +0000 2018,0.145,0.658,0.197,0.7269,Fri Apr 06 20:00:13 +0000 2018,0.0,0.643,0.357,-21
20,0.0,Fri Apr 06 08:30:51 +0000 2018,0.0,1.0,0.0,0.6688,Fri Mar 30 16:50:00 +0000 2018,0.0,0.891,0.109,0.0,Fri Apr 06 22:59:43 +0000 2018,0.0,1.0,0.0,-0.5994,Fri Apr 06 22:05:04 +0000 2018,0.245,0.755,0.0,0.0,Fri Apr 06 20:15:05 +0000 2018,0.0,1.0,0.0,-20
19,0.0,Fri Apr 06 08:58:33 +0000 2018,0.0,1.0,0.0,0.4199,Sat Mar 31 15:30:00 +0000 2018,0.0,0.938,0.062,0.223,Fri Apr 06 23:07:50 +0000 2018,0.053,0.869,0.078,0.0,Fri Apr 06 22:07:24 +0000 2018,0.0,1.0,0.0,-0.7717,Fri Apr 06 20:19:04 +0000 2018,0.242,0.758,0.0,-19
18,0.0,Fri Apr 06 10:10:03 +0000 2018,0.0,1.0,0.0,0.7351,Sat Mar 31 18:00:00 +0000 2018,0.0,0.854,0.146,0.0,Fri Apr 06 23:15:08 +0000 2018,0.0,1.0,0.0,-0.3818,Fri Apr 06 22:12:41 +0000 2018,0.102,0.898,0.0,-0.8271,Fri Apr 06 20:32:06 +0000 2018,0.268,0.732,0.0,-18
17,0.0,Fri Apr 06 11:00:06 +0000 2018,0.0,1.0,0.0,0.7783,Sun Apr 01 17:00:03 +0000 2018,0.0,0.788,0.212,-0.3182,Fri Apr 06 23:23:36 +0000 2018,0.173,0.827,0.0,0.2732,Fri Apr 06 22:18:24 +0000 2018,0.0,0.89,0.11,0.0,Fri Apr 06 20:45:03 +0000 2018,0.0,1.0,0.0,-17
16,0.8617,Fri Apr 06 11:32:15 +0000 2018,0.0,0.689,0.311,0.1513,Mon Apr 02 17:30:00 +0000 2018,0.051,0.884,0.065,0.4019,Fri Apr 06 23:23:45 +0000 2018,0.0,0.876,0.124,-0.6486,Fri Apr 06 22:41:30 +0000 2018,0.37,0.497,0.133,-0.4588,Fri Apr 06 20:55:02 +0000 2018,0.232,0.655,0.113,-16
15,0.2023,Fri Apr 06 12:03:05 +0000 2018,0.0,0.899,0.101,0.807,Tue Apr 03 05:17:01 +0000 2018,0.0,0.659,0.341,0.0,Fri Apr 06 23:25:17 +0000 2018,0.0,1.0,0.0,-0.296,Fri Apr 06 22:47:31 +0000 2018,0.113,0.819,0.067,0.0,Fri Apr 06 21:05:02 +0000 2018,0.0,1.0,0.0,-15
14,0.0,Fri Apr 06 12:18:09 +0000 2018,0.0,1.0,0.0,0.7096,Tue Apr 03 18:00:00 +0000 2018,0.0,0.877,0.123,0.0,Fri Apr 06 23:41:21 +0000 2018,0.0,1.0,0.0,0.0,Fri Apr 06 23:02:57 +0000 2018,0.0,1.0,0.0,0.4019,Fri Apr 06 21:15:05 +0000 2018,0.0,0.932,0.068,-14
13,-0.4215,Fri Apr 06 13:02:05 +0000 2018,0.171,0.741,0.088,0.0,Tue Apr 03 21:00:02 +0000 2018,0.0,1.0,0.0,-0.6486,Fri Apr 06 23:47:59 +0000 2018,0.301,0.699,0.0,-0.765,Fri Apr 06 23:08:33 +0000 2018,0.369,0.631,0.0,0.0,Fri Apr 06 21:32:03 +0000 2018,0.0,1.0,0.0,-13
12,0.0,Fri Apr 06 14:07:06 +0000 2018,0.0,1.0,0.0,0.6239,Tue Apr 03 23:00:00 +0000 2018,0.0,0.911,0.089,-0.743,Fri Apr 06 23:53:02 +0000 2018,0.179,0.786,0.035,-0.5994,Fri Apr 06 23:11:52 +0000 2018,0.262,0.738,0.0,-0.3415,Fri Apr 06 21:47:08 +0000 2018,0.158,0.76,0.082,-12
11,-0.5849,Fri Apr 06 14:30:39 +0000 2018,0.31,0.559,0.13,-0.25,Wed Apr 04 18:02:13 +0000 2018,0.133,0.867,0.0,-0.128,Fri Apr 06 23:58:21 +0000 2018,0.038,0.962,0.0,-0.4767,Fri Apr 06 23:17:23 +0000 2018,0.075,0.925,0.0,0.0258,Fri Apr 06 22:02:03 +0000 2018,0.129,0.737,0.134,-11
10,0.5499,Fri Apr 06 15:02:05 +0000 2018,0.282,0.332,0.385,-0.3182,Wed Apr 04 21:44:17 +0000 2018,0.095,0.905,0.0,0.5574,Sat Apr 07 00:03:33 +0000 2018,0.0,0.796,0.204,0.0,Fri Apr 06 23:27:12 +0000 2018,0.0,1.0,0.0,0.3612,Fri Apr 06 22:17:05 +0000 2018,0.0,0.902,0.098,-10
9,0.0,Fri Apr 06 15:02:33 +0000 2018,0.0,1.0,0.0,0.4926,Wed Apr 04 21:46:13 +0000 2018,0.0,0.803,0.197,0.0,Sat Apr 07 00:04:08 +0000 2018,0.0,1.0,0.0,0.1779,Fri Apr 06 23:35:00 +0000 2018,0.146,0.662,0.192,0.0,Fri Apr 06 22:32:06 +0000 2018,0.0,1.0,0.0,-9
8,0.0,Fri Apr 06 15:20:18 +0000 2018,0.0,1.0,0.0,0.8495,Wed Apr 04 21:47:26 +0000 2018,0.0,0.634,0.366,0.0516,Sat Apr 07 00:07:04 +0000 2018,0.145,0.701,0.154,-0.5994,Fri Apr 06 23:43:05 +0000 2018,0.157,0.843,0.0,-0.6705,Fri Apr 06 22:43:05 +0000 2018,0.234,0.766,0.0,-8
7,0.8126,Fri Apr 06 15:22:01 +0000 2018,0.0,0.791,0.209,0.7568,Wed Apr 04 21:48:07 +0000 2018,0.0,0.712,0.288,0.4215,Sat Apr 07 00:15:49 +0000 2018,0.043,0.828,0.129,0.0,Fri Apr 06 23:46:37 +0000 2018,0.0,1.0,0.0,0.0,Fri Apr 06 22:56:06 +0000 2018,0.0,1.0,0.0,-7
6,0.6037,Fri Apr 06 15:23:45 +0000 2018,0.0,0.64,0.36,0.8217,Wed Apr 04 22:07:01 +0000 2018,0.0,0.844,0.156,0.2263,Sat Apr 07 00:16:05 +0000 2018,0.092,0.754,0.154,0.0,Fri Apr 06 23:55:41 +0000 2018,0.0,1.0,0.0,0.5499,Fri Apr 06 23:06:02 +0000 2018,0.065,0.776,0.159,-6
5,-0.7777,Fri Apr 06 16:02:36 +0000 2018,0.332,0.621,0.047,-0.3875,Thu Apr 05 17:00:00 +0000 2018,0.082,0.88,0.038,0.0258,Sat Apr 07 00:17:03 +0000 2018,0.064,0.868,0.068,0.7003,Fri Apr 06 23:59:39 +0000 2018,0.0,0.674,0.326,0.0,Fri Apr 06 23:16:04 +0000 2018,0.0,1.0,0.0,-5
4,-0.1531,Fri Apr 06 16:08:04 +0000 2018,0.124,0.78,0.096,0.6597,Thu Apr 05 19:07:48 +0000 2018,0.0,0.759,0.241,0.0,Sat Apr 07 00:19:00 +0000 2018,0.073,0.882,0.045,-0.0953,Sat Apr 07 00:08:54 +0000 2018,0.081,0.849,0.07,0.0,Fri Apr 06 23:32:05 +0000 2018,0.0,1.0,0.0,-4
3,0.0,Fri Apr 06 16:13:08 +0000 2018,0.0,1.0,0.0,0.6964,Thu Apr 05 21:44:00 +0000 2018,0.0,0.883,0.117,0.0258,Sat Apr 07 00:25:01 +0000 2018,0.0,0.942,0.058,0.4939,Sat Apr 07 00:16:30 +0000 2018,0.0,0.896,0.104,-0.4588,Fri Apr 06 23:47:06 +0000 2018,0.14,0.805,0.055,-3
2,0.3612,Fri Apr 06 17:32:05 +0000 2018,0.0,0.894,0.106,0.3164,Fri Apr 06 13:45:00 +0000 2018,0.0,0.959,0.041,0.6808,Sat Apr 07 00:27:25 +0000 2018,0.0,0.763,0.237,0.0,Sat Apr 07 00:21:45 +0000 2018,0.0,1.0,0.0,0.5423,Sat Apr 07 00:02:02 +0000 2018,0.097,0.674,0.228,-2
1,0.0,Fri Apr 06 18:07:07 +0000 2018,0.0,1.0,0.0,0.0,Fri Apr 06 17:00:00 +0000 2018,0.0,1.0,0.0,0.128,Sat Apr 07 00:30:16 +0000 2018,0.101,0.782,0.117,-0.2144,Sat Apr 07 00:27:23 +0000 2018,0.093,0.907,0.0,0.0,Sat Apr 07 00:17:02 +0000 2018,0.0,1.0,0.0,-1
0,0.0,Fri Apr 06 19:48:37 +0000 2018,0.0,1.0,0.0,0.0,Fri Apr 06 21:10:18 +0000 2018,0.0,1.0,0.0,0.4215,Sat Apr 07 00:33:04 +0000 2018,0.064,0.811,0.125,0.0,Sat Apr 07 00:32:58 +0000 2018,0.0,1.0,0.0,0.1531,Sat Apr 07 00:32:05 +0000 2018,0.162,0.648,0.19,0
